,date,open
0,2010-01-04,2294.409912109375
1,2010-01-05,2307.27001953125
2,2010-01-06,2307.7099609375
3,2010-01-07,2298.090087890625
4,2010-01-08,2292.239990234375
5,2010-01-11,2324.780029296875
6,2010-01-12,2297.280029296875
7,2010-01-13,2289.4599609375
8,2010-01-14,2303.31005859375
9,2010-01-15,2316.97998046875
10,2010-01-19,2291.02001953125
11,2010-01-20,2304.31005859375
12,2010-01-21,2298.22998046875
13,2010-01-22,2255.760009765625
14,2010-01-25,2220.2900390625
15,2010-01-26,2203.43994140625
16,2010-01-27,2200.300048828125
17,2010-01-28,2220.31005859375
18,2010-01-29,2198.260009765625
19,2010-02-01,2155.81005859375
20,2010-02-02,2171.659912109375
21,2010-02-03,2181.010009765625
22,2010-02-04,2176.389892578125
23,2010-02-05,2131.919921875
24,2010-02-08,2140.10009765625
25,2010-02-09,2153.10009765625
26,2010-02-10,2147.4599609375
27,2010-02-11,2145.090087890625
28,2010-02-12,2157.68994140625
29,2010-02-16,2200.3798828125
30,2010-02-17,2222.8701171875
31,2010-02-18,2223.219970703125
32,2010-02-19,2233.330078125
33,2010-02-22,2250.919921875
34,2010-02-23,2238.010009765625
35,2010-02-24,2222.39990234375
36,2010-02-25,2208.6201171875
37,2010-02-26,2234.43994140625
38,2010-03-01,2247.39990234375
39,2010-03-02,2279.070068359375
40,2010-03-03,2284.820068359375
41,2010-03-04,2282.570068359375
42,2010-03-05,2304.010009765625
43,2010-03-08,2326.25
44,2010-03-09,2325.780029296875
45,2010-03-10,2340.949951171875
46,2010-03-11,2351.110107421875
47,2010-03-12,2376.070068359375
48,2010-03-15,2361.919921875
49,2010-03-16,2367.320068359375
50,2010-03-17,2381.64990234375
51,2010-03-18,2387.5400390625
52,2010-03-19,2391.199951171875
53,2010-03-22,2360.35009765625
54,2010-03-23,2397.89990234375
55,2010-03-24,2406.719970703125
56,2010-03-25,2415.239990234375
57,2010-03-26,2406.72998046875
58,2010-03-29,2403.77001953125
59,2010-03-30,2406.68994140625
60,2010-03-31,2402.97998046875
61,2010-04-01,2411.679931640625
62,2010-04-05,2409.47998046875
63,2010-04-06,2420.330078125
64,2010-04-07,2433.10009765625
65,2010-04-08,2423.989990234375
66,2010-04-09,2441.31005859375
67,2010-04-12,2455.39990234375
68,2010-04-13,2454.949951171875
69,2010-04-14,2481.800048828125
70,2010-04-15,2503.409912109375
71,2010-04-16,2505.3798828125
72,2010-04-19,2477.800048828125
73,2010-04-20,2492.719970703125
74,2010-04-21,2506.610107421875
75,2010-04-22,2483.52001953125
76,2010-04-23,2514.85009765625
77,2010-04-26,2529.85009765625
78,2010-04-27,2512.580078125
79,2010-04-28,2483.030029296875
80,2010-04-29,2487.330078125
81,2010-04-30,2509.989990234375
82,2010-05-03,2472.320068359375
83,2010-05-04,2465.550048828125
84,2010-05-05,2395.2099609375
85,2010-05-06,2391.2099609375
86,2010-05-07,2308.7099609375
87,2010-05-10,2365.969970703125
88,2010-05-11,2347.699951171875
89,2010-05-12,2388.639892578125
90,2010-05-13,2416.360107421875
91,2010-05-14,2373.8798828125
92,2010-05-17,2352.77001953125
93,2010-05-18,2372.840087890625
94,2010-05-19,2307.780029296875
95,2010-05-20,2245.56005859375
96,2010-05-21,2169.580078125
97,2010-05-24,2220.60009765625
98,2010-05-25,2157.449951171875
99,2010-05-26,2226.239990234375
100,2010-05-27,2244.820068359375
101,2010-05-28,2275.18994140625
102,2010-06-01,2244.7900390625
103,2010-06-02,2234.590087890625
104,2010-06-03,2285.760009765625
105,2010-06-04,2257.050048828125
106,2010-06-07,2226.60009765625
107,2010-06-08,2176.070068359375
108,2010-06-09,2184.780029296875
109,2010-06-10,2188.7099609375
110,2010-06-11,2199.39990234375
111,2010-06-14,2263.659912109375
112,2010-06-15,2256.47998046875
113,2010-06-16,2293.56005859375
114,2010-06-17,2316.590087890625
115,2010-06-18,2308.93994140625
116,2010-06-21,2341.110107421875
117,2010-06-22,2296.830078125
118,2010-06-23,2264.409912109375
119,2010-06-24,2246.199951171875
120,2010-06-25,2224.72998046875
121,2010-06-28,2227.429931640625
122,2010-06-29,2183.919921875
123,2010-06-30,2134.030029296875
124,2010-07-01,2110.75
125,2010-07-02,2105.5
126,2010-07-06,2122.280029296875
127,2010-07-07,2099.659912109375
128,2010-07-08,2174.9599609375
129,2010-07-09,2174.199951171875
130,2010-07-12,2194.1201171875
131,2010-07-13,2221.25
132,2010-07-14,2246.989990234375
133,2010-07-15,2247.760009765625
134,2010-07-16,2231.7099609375
135,2010-07-19,2185.81005859375
136,2010-07-20,2165.35009765625
137,2010-07-21,2236.1298828125
138,2010-07-22,2216.0400390625
139,2010-07-23,2234.340087890625
140,2010-07-26,2271.6201171875
141,2010-07-27,2306.6201171875
142,2010-07-28,2284.6201171875
143,2010-07-29,2279.070068359375
144,2010-07-30,2227.2900390625
145,2010-08-02,2283.320068359375
146,2010-08-03,2291.75
147,2010-08-04,2291.090087890625
148,2010-08-05,2291.219970703125
149,2010-08-06,2267.419921875
150,2010-08-09,2298.81005859375
151,2010-08-10,2280.06005859375
152,2010-08-11,2236.929931640625
153,2010-08-12,2164.639892578125
154,2010-08-13,2183.090087890625
155,2010-08-16,2161.31005859375
156,2010-08-17,2197.090087890625
157,2010-08-18,2205.300048828125
158,2010-08-19,2204.800048828125
159,2010-08-20,2172.260009765625
160,2010-08-23,2188.340087890625
161,2010-08-24,2131.0
162,2010-08-25,2109.14990234375
163,2010-08-26,2148.489990234375
164,2010-08-27,2134.159912109375
165,2010-08-30,2145.760009765625
166,2010-08-31,2109.760009765625
167,2010-09-01,2142.75
168,2010-09-02,2178.989990234375
169,2010-09-03,2227.9599609375
170,2010-09-07,2227.260009765625
171,2010-09-08,2216.070068359375
172,2010-09-09,2251.090087890625
173,2010-09-10,2239.080078125
174,2010-09-13,2263.800048828125
175,2010-09-14,2281.31005859375
176,2010-09-15,2283.169921875
177,2010-09-16,2297.510009765625
178,2010-09-17,2318.419921875
179,2010-09-20,2322.800048828125
180,2010-09-21,2355.27001953125
181,2010-09-22,2339.909912109375
182,2010-09-23,2316.7099609375
183,2010-09-24,2356.260009765625
184,2010-09-27,2379.72998046875
185,2010-09-28,2373.1298828125
186,2010-09-29,2372.3701171875
187,2010-09-30,2390.9599609375
188,2010-10-01,2386.820068359375
189,2010-10-04,2362.25
190,2010-10-05,2368.52001953125
191,2010-10-06,2395.159912109375
192,2010-10-07,2391.6298828125
193,2010-10-08,2384.760009765625
194,2010-10-11,2403.4599609375
195,2010-10-12,2397.699951171875
196,2010-10-13,2432.550048828125
197,2010-10-14,2441.2099609375
198,2010-10-15,2461.699951171875
199,2010-10-18,2470.1201171875
200,2010-10-19,2442.2099609375
201,2010-10-20,2443.199951171875
202,2010-10-21,2470.719970703125
203,2010-10-22,2461.60009765625
204,2010-10-25,2491.6201171875
205,2010-10-26,2476.510009765625
206,2010-10-27,2484.090087890625
207,2010-10-28,2516.159912109375
208,2010-10-29,2505.989990234375
209,2010-11-01,2520.449951171875
210,2010-11-02,2525.93994140625
211,2010-11-03,2532.830078125
212,2010-11-04,2569.27001953125
213,2010-11-05,2577.6298828125
214,2010-11-08,2570.860107421875
215,2010-11-09,2587.080078125
216,2010-11-10,2564.31005859375
217,2010-11-11,2534.239990234375
218,2010-11-12,2540.469970703125
219,2010-11-15,2529.02001953125
220,2010-11-16,2494.2099609375
221,2010-11-17,2471.27001953125
222,2010-11-18,2504.409912109375
223,2010-11-19,2510.7900390625
224,2010-11-22,2509.389892578125
225,2010-11-23,2504.2099609375
226,2010-11-24,2519.889892578125
227,2010-11-26,2525.909912109375
228,2010-11-29,2522.239990234375
229,2010-11-30,2497.1201171875
230,2010-12-01,2535.18994140625
231,2010-12-02,2553.679931640625
232,2010-12-03,2569.02001953125
233,2010-12-06,2591.280029296875
234,2010-12-07,2623.14990234375
235,2010-12-08,2604.570068359375
236,2010-12-09,2623.14990234375
237,2010-12-10,2623.280029296875
238,2010-12-13,2645.35009765625
239,2010-12-14,2631.340087890625
240,2010-12-15,2625.81005859375
241,2010-12-16,2620.56005859375
242,2010-12-17,2643.35009765625
243,2010-12-20,2651.97998046875
244,2010-12-21,2658.93994140625
245,2010-12-22,2669.0
246,2010-12-23,2667.419921875
247,2010-12-27,2657.090087890625
248,2010-12-28,2671.85009765625
249,2010-12-29,2667.179931640625
250,2010-12-30,2665.679931640625
251,2010-12-31,2660.580078125
252,2011-01-03,2676.64990234375
253,2011-01-04,2699.860107421875
254,2011-01-05,2673.909912109375
255,2011-01-06,2704.3798828125
256,2011-01-07,2712.75
257,2011-01-10,2691.469970703125
258,2011-01-11,2719.60009765625
259,2011-01-12,2731.449951171875
260,2011-01-13,2734.929931640625
261,2011-01-14,2732.47998046875
262,2011-01-18,2744.800048828125
263,2011-01-19,2762.81005859375
264,2011-01-20,2712.39990234375
265,2011-01-21,2716.919921875
266,2011-01-24,2693.030029296875
267,2011-01-25,2704.25
268,2011-01-26,2724.52001953125
269,2011-01-27,2745.159912109375
270,2011-01-28,2755.280029296875
271,2011-01-31,2693.300048828125
272,2011-02-01,2717.610107421875
273,2011-02-02,2744.679931640625
274,2011-02-03,2746.739990234375
275,2011-02-04,2755.85009765625
276,2011-02-07,2773.260009765625
277,2011-02-08,2782.409912109375
278,2011-02-09,2791.1298828125
279,2011-02-10,2764.760009765625
280,2011-02-11,2783.159912109375
281,2011-02-14,2810.18994140625
282,2011-02-15,2809.02001953125
283,2011-02-16,2815.090087890625
284,2011-02-17,2816.1201171875
285,2011-02-18,2833.35009765625
286,2011-02-22,2795.43994140625
287,2011-02-23,2755.199951171875
288,2011-02-24,2726.590087890625
289,2011-02-25,2752.159912109375
290,2011-02-28,2791.280029296875
291,2011-03-01,2791.080078125
292,2011-03-02,2735.050048828125
293,2011-03-03,2774.47998046875
294,2011-03-04,2797.639892578125
295,2011-03-07,2793.18994140625
296,2011-03-08,2745.22998046875
297,2011-03-09,2756.340087890625
298,2011-03-10,2719.2900390625
299,2011-03-11,2689.64990234375
300,2011-03-14,2695.659912109375
301,2011-03-15,2619.39990234375
302,2011-03-16,2652.919921875
303,2011-03-17,2656.080078125
304,2011-03-18,2665.5400390625
305,2011-03-21,2675.469970703125
306,2011-03-22,2692.1298828125
307,2011-03-23,2677.56005859375
308,2011-03-24,2715.8798828125
309,2011-03-25,2746.340087890625
310,2011-03-28,2752.330078125
311,2011-03-29,2727.830078125
312,2011-03-30,2772.360107421875
313,2011-03-31,2774.22998046875
314,2011-04-01,2796.669921875
315,2011-04-04,2796.260009765625
316,2011-04-05,2787.780029296875
317,2011-04-06,2808.110107421875
318,2011-04-07,2799.590087890625
319,2011-04-08,2806.2900390625
320,2011-04-11,2789.489990234375
321,2011-04-12,2755.889892578125
322,2011-04-13,2762.68994140625
323,2011-04-14,2743.1201171875
324,2011-04-15,2752.8701171875
325,2011-04-18,2731.219970703125
326,2011-04-19,2741.35009765625
327,2011-04-20,2788.840087890625
328,2011-04-21,2820.77001953125
329,2011-04-25,2820.280029296875
330,2011-04-26,2832.47998046875
331,2011-04-27,2853.8798828125
332,2011-04-28,2862.820068359375
333,2011-04-29,2869.739990234375
334,2011-05-02,2881.280029296875
335,2011-05-03,2859.300048828125
336,2011-05-04,2842.919921875
337,2011-05-05,2812.840087890625
338,2011-05-06,2840.7099609375
339,2011-05-09,2828.239990234375
340,2011-05-10,2851.909912109375
341,2011-05-11,2867.159912109375
342,2011-05-12,2833.669921875
343,2011-05-13,2859.699951171875
344,2011-05-16,2815.89990234375
345,2011-05-17,2769.169921875
346,2011-05-18,2782.64990234375
347,2011-05-19,2824.050048828125
348,2011-05-20,2815.9599609375
349,2011-05-23,2761.9599609375
350,2011-05-24,2766.699951171875
351,2011-05-25,2739.989990234375
352,2011-05-26,2756.31005859375
353,2011-05-27,2789.02001953125
354,2011-05-31,2824.25
355,2011-06-01,2829.389892578125
356,2011-06-02,2773.760009765625
357,2011-06-03,2740.489990234375
358,2011-06-06,2728.31005859375
359,2011-06-07,2712.7900390625
360,2011-06-08,2693.68994140625
361,2011-06-09,2678.52001953125
362,2011-06-10,2675.10009765625
363,2011-06-13,2649.300048828125
364,2011-06-14,2662.72998046875
365,2011-06-15,2653.169921875
366,2011-06-16,2631.97998046875
367,2011-06-17,2646.2900390625
368,2011-06-20,2608.050048828125
369,2011-06-21,2640.330078125
370,2011-06-22,2677.179931640625
371,2011-06-23,2638.60009765625
372,2011-06-24,2681.10009765625
373,2011-06-27,2653.070068359375
374,2011-06-28,2694.260009765625
375,2011-06-29,2736.760009765625
376,2011-06-30,2749.3701171875
377,2011-07-01,2775.080078125
378,2011-07-05,2817.8701171875
379,2011-07-06,2821.419921875
380,2011-07-07,2856.25
381,2011-07-08,2841.2900390625
382,2011-07-11,2828.10009765625
383,2011-07-12,2798.75
384,2011-07-13,2800.8798828125
385,2011-07-14,2804.820068359375
386,2011-07-15,2787.330078125
387,2011-07-18,2777.610107421875
388,2011-07-19,2790.97998046875
389,2011-07-20,2839.389892578125
390,2011-07-21,2818.7900390625
391,2011-07-22,2834.4599609375
392,2011-07-25,2832.110107421875
393,2011-07-26,2842.739990234375
394,2011-07-27,2823.6201171875
395,2011-07-28,2765.610107421875
396,2011-07-29,2736.669921875
397,2011-08-01,2791.449951171875
398,2011-08-02,2728.2900390625
399,2011-08-03,2673.969970703125
400,2011-08-04,2648.3798828125
401,2011-08-05,2580.300048828125
402,2011-08-08,2447.300048828125
403,2011-08-09,2402.1298828125
404,2011-08-10,2425.550048828125
405,2011-08-11,2415.5400390625
406,2011-08-12,2507.010009765625
407,2011-08-15,2522.0400390625
408,2011-08-16,2526.47998046875
409,2011-08-17,2527.7900390625
410,2011-08-18,2436.3798828125
411,2011-08-19,2353.320068359375
412,2011-08-22,2396.8798828125
413,2011-08-23,2360.949951171875
414,2011-08-24,2437.47998046875
415,2011-08-25,2470.9599609375
416,2011-08-26,2408.7900390625
417,2011-08-29,2510.989990234375
418,2011-08-30,2547.070068359375
419,2011-08-31,2589.75
420,2011-09-01,2583.340087890625
421,2011-09-02,2497.280029296875
422,2011-09-06,2417.610107421875
423,2011-09-07,2511.5
424,2011-09-08,2533.81005859375
425,2011-09-09,2508.1201171875
426,2011-09-12,2442.860107421875
427,2011-09-13,2502.590087890625
428,2011-09-14,2548.449951171875
429,2011-09-15,2595.449951171875
430,2011-09-16,2607.1201171875
431,2011-09-19,2584.35009765625
432,2011-09-20,2623.889892578125
433,2011-09-21,2601.06005859375
434,2011-09-22,2466.06005859375
435,2011-09-23,2438.6298828125
436,2011-09-26,2496.97998046875
437,2011-09-27,2560.780029296875
438,2011-09-28,2557.860107421875
439,2011-09-29,2535.52001953125
440,2011-09-30,2444.77001953125
441,2011-10-03,2401.18994140625
442,2011-10-04,2312.679931640625
443,2011-10-05,2398.3701171875
444,2011-10-06,2459.050048828125
445,2011-10-07,2509.610107421875
446,2011-10-10,2522.719970703125
447,2011-10-11,2554.699951171875
448,2011-10-12,2606.610107421875
449,2011-10-13,2595.050048828125
450,2011-10-14,2655.22998046875
451,2011-10-17,2653.320068359375
452,2011-10-18,2614.050048828125
453,2011-10-19,2642.889892578125
454,2011-10-20,2605.419921875
455,2011-10-21,2630.300048828125
456,2011-10-24,2644.830078125
457,2011-10-25,2685.860107421875
458,2011-10-26,2660.419921875
459,2011-10-27,2720.590087890625
460,2011-10-28,2724.030029296875
461,2011-10-31,2705.889892578125
462,2011-11-01,2607.31005859375
463,2011-11-02,2637.56005859375
464,2011-11-03,2666.2099609375
465,2011-11-04,2678.159912109375
466,2011-11-07,2683.3798828125
467,2011-11-08,2712.080078125
468,2011-11-09,2662.56005859375
469,2011-11-10,2652.010009765625
470,2011-11-11,2653.530029296875
471,2011-11-14,2671.110107421875
472,2011-11-15,2647.909912109375
473,2011-11-16,2661.090087890625
474,2011-11-17,2637.3701171875
475,2011-11-18,2595.02001953125
476,2011-11-21,2535.340087890625
477,2011-11-22,2517.639892578125
478,2011-11-23,2501.179931640625
479,2011-11-25,2453.030029296875
480,2011-11-28,2509.6298828125
481,2011-11-29,2529.110107421875
482,2011-11-30,2586.389892578125
483,2011-12-01,2615.669921875
484,2011-12-02,2650.800048828125
485,2011-12-05,2666.469970703125
486,2011-12-06,2655.02001953125
487,2011-12-07,2638.610107421875
488,2011-12-08,2633.300048828125
489,2011-12-09,2603.179931640625
490,2011-12-12,2617.320068359375
491,2011-12-13,2629.669921875
492,2011-12-14,2566.2099609375
493,2011-12-15,2565.929931640625
494,2011-12-16,2554.6201171875
495,2011-12-19,2564.070068359375
496,2011-12-20,2567.25
497,2011-12-21,2589.77001953125
498,2011-12-22,2584.330078125
499,2011-12-23,2607.429931640625
500,2011-12-27,2613.510009765625
501,2011-12-28,2626.18994140625
502,2011-12-29,2596.330078125
503,2011-12-30,2610.22998046875
504,2012-01-03,2657.389892578125
505,2012-01-04,2639.89990234375
506,2012-01-05,2642.570068359375
507,2012-01-06,2671.169921875
508,2012-01-09,2682.97998046875
509,2012-01-10,2704.419921875
510,2012-01-11,2695.77001953125
511,2012-01-12,2716.8701171875
512,2012-01-13,2707.409912109375
513,2012-01-17,2736.340087890625
514,2012-01-18,2731.159912109375
515,2012-01-19,2779.739990234375
516,2012-01-20,2776.0400390625
517,2012-01-23,2786.2099609375
518,2012-01-24,2771.580078125
519,2012-01-25,2803.22998046875
520,2012-01-26,2828.780029296875
521,2012-01-27,2797.659912109375
522,2012-01-30,2790.39990234375
523,2012-01-31,2825.760009765625
524,2012-02-01,2830.10009765625
525,2012-02-02,2854.10009765625
526,2012-02-03,2888.949951171875
527,2012-02-06,2892.52001953125
528,2012-02-07,2895.909912109375
529,2012-02-08,2906.590087890625
530,2012-02-09,2922.4599609375
531,2012-02-10,2902.0
532,2012-02-13,2926.2099609375
533,2012-02-14,2921.699951171875
534,2012-02-15,2943.419921875
535,2012-02-16,2915.669921875
536,2012-02-17,2958.219970703125
537,2012-02-21,2957.300048828125
538,2012-02-22,2942.77001953125
539,2012-02-23,2933.159912109375
540,2012-02-24,2963.1298828125
541,2012-02-27,2945.8701171875
542,2012-02-28,2969.25
543,2012-02-29,2991.669921875
544,2012-03-01,2979.110107421875
545,2012-03-02,2986.080078125
546,2012-03-05,2969.72998046875
547,2012-03-06,2917.52001953125
548,2012-03-07,2922.570068359375
549,2012-03-08,2954.39990234375
550,2012-03-09,2975.090087890625
551,2012-03-12,2989.050048828125
552,2012-03-13,3003.7099609375
553,2012-03-14,3042.2099609375
554,2012-03-15,3048.580078125
555,2012-03-16,3058.489990234375
556,2012-03-19,3057.239990234375
557,2012-03-20,3060.929931640625
558,2012-03-21,3077.43994140625
559,2012-03-22,3055.0
560,2012-03-23,3066.3701171875
561,2012-03-26,3090.52001953125
562,2012-03-27,3124.06005859375
563,2012-03-28,3123.840087890625
564,2012-03-29,3087.25
565,2012-03-30,3110.969970703125
566,2012-04-02,3085.93994140625
567,2012-04-03,3119.64990234375
568,2012-04-04,3085.4599609375
569,2012-04-05,3061.75
570,2012-04-09,3037.280029296875
571,2012-04-10,3044.669921875
572,2012-04-11,3020.14990234375
573,2012-04-12,3023.110107421875
574,2012-04-13,3045.080078125
575,2012-04-16,3027.570068359375
576,2012-04-17,3002.02001953125
577,2012-04-18,3031.820068359375
578,2012-04-19,3028.199951171875
579,2012-04-20,3023.72998046875
580,2012-04-23,2969.0
581,2012-04-24,2967.3701171875
582,2012-04-25,3013.64990234375
583,2012-04-26,3029.6201171875
584,2012-04-27,3060.340087890625
585,2012-04-30,3060.06005859375
586,2012-05-01,3044.7900390625
587,2012-05-02,3035.070068359375
588,2012-05-03,3061.1298828125
589,2012-05-04,3001.14990234375
590,2012-05-07,2940.409912109375
591,2012-05-08,2939.360107421875
592,2012-05-09,2912.409912109375
593,2012-05-10,2950.2099609375
594,2012-05-11,2919.35009765625
595,2012-05-14,2907.780029296875
596,2012-05-15,2902.300048828125
597,2012-05-16,2904.669921875
598,2012-05-17,2874.7099609375
599,2012-05-18,2814.429931640625
600,2012-05-21,2782.550048828125
601,2012-05-22,2853.8701171875
602,2012-05-23,2832.169921875
603,2012-05-24,2856.550048828125
604,2012-05-25,2839.739990234375
605,2012-05-29,2853.27001953125
606,2012-05-30,2847.27001953125
607,2012-05-31,2837.3701171875
608,2012-06-01,2810.1298828125
609,2012-06-04,2747.610107421875
610,2012-06-05,2749.35009765625
611,2012-06-06,2796.22998046875
612,2012-06-07,2872.050048828125
613,2012-06-08,2823.820068359375
614,2012-06-11,2882.489990234375
615,2012-06-12,2815.840087890625
616,2012-06-13,2838.1201171875
617,2012-06-14,2820.6298828125
618,2012-06-15,2839.39990234375
619,2012-06-18,2872.489990234375
620,2012-06-19,2909.8701171875
621,2012-06-20,2932.9599609375
622,2012-06-21,2929.14990234375
623,2012-06-22,2866.169921875
624,2012-06-25,2863.889892578125
625,2012-06-26,2845.39990234375
626,2012-06-27,2862.1298828125
627,2012-06-28,2853.889892578125
628,2012-06-29,2902.43994140625
629,2012-07-02,2938.409912109375
630,2012-07-03,2950.81005859375
631,2012-07-05,2970.3701171875
632,2012-07-06,2955.199951171875
633,2012-07-09,2934.489990234375
634,2012-07-10,2945.35009765625
635,2012-07-11,2898.77001953125
636,2012-07-12,2867.080078125
637,2012-07-13,2874.06005859375
638,2012-07-16,2903.030029296875
639,2012-07-17,2911.4599609375
640,2012-07-18,2904.239990234375
641,2012-07-19,2961.7099609375
642,2012-07-20,2957.02001953125
643,2012-07-23,2877.510009765625
644,2012-07-24,2894.949951171875
645,2012-07-25,2856.780029296875
646,2012-07-26,2896.679931640625
647,2012-07-27,2906.5
648,2012-07-30,2959.070068359375
649,2012-07-31,2945.080078125
650,2012-08-01,2956.719970703125
651,2012-08-02,2900.4599609375
652,2012-08-03,2951.280029296875
653,2012-08-06,2978.159912109375
654,2012-08-07,3002.659912109375
655,2012-08-08,3003.77001953125
656,2012-08-09,3009.860107421875
657,2012-08-10,3008.830078125
658,2012-08-13,3018.27001953125
659,2012-08-14,3032.669921875
660,2012-08-15,3013.330078125
661,2012-08-16,3037.179931640625
662,2012-08-17,3067.110107421875
663,2012-08-20,3072.659912109375
664,2012-08-21,3085.25
665,2012-08-22,3059.93994140625
666,2012-08-23,3065.820068359375
667,2012-08-24,3045.219970703125
668,2012-08-27,3083.6201171875
669,2012-08-28,3069.39990234375
670,2012-08-29,3078.050048828125
671,2012-08-30,3066.72998046875
672,2012-08-31,3069.639892578125
673,2012-09-04,3063.25
674,2012-09-05,3072.580078125
675,2012-09-06,3087.93994140625
676,2012-09-07,3133.219970703125
677,2012-09-10,3131.340087890625
678,2012-09-11,3105.02001953125
679,2012-09-12,3115.330078125
680,2012-09-13,3117.659912109375
681,2012-09-14,3166.239990234375
682,2012-09-17,3183.39990234375
683,2012-09-18,3173.6201171875
684,2012-09-19,3179.0400390625
685,2012-09-20,3166.840087890625
686,2012-09-21,3194.860107421875
687,2012-09-24,3155.35009765625
688,2012-09-25,3170.3701171875
689,2012-09-26,3113.39990234375
690,2012-09-27,3105.8701171875
691,2012-09-28,3125.31005859375
692,2012-10-01,3130.31005859375
693,2012-10-02,3127.72998046875
694,2012-10-03,3130.85009765625
695,2012-10-04,3142.3798828125
696,2012-10-05,3161.2099609375
697,2012-10-08,3121.330078125
698,2012-10-09,3108.010009765625
699,2012-10-10,3066.25
700,2012-10-11,3075.889892578125
701,2012-10-12,3049.080078125
702,2012-10-15,3053.2099609375
703,2012-10-16,3073.2099609375
704,2012-10-17,3091.3798828125
705,2012-10-18,3097.77001953125
706,2012-10-19,3066.56005859375
707,2012-10-22,3005.919921875
708,2012-10-23,2989.43994140625
709,2012-10-24,3011.820068359375
710,2012-10-25,3005.0400390625
711,2012-10-26,2986.050048828125
712,2012-10-31,2986.85009765625
713,2012-11-01,2987.5400390625
714,2012-11-02,3033.85009765625
715,2012-11-05,2983.030029296875
716,2012-11-06,3003.7099609375
717,2012-11-07,2976.4599609375
718,2012-11-08,2942.090087890625
719,2012-11-09,2892.570068359375
720,2012-11-12,2916.3798828125
721,2012-11-13,2880.77001953125
722,2012-11-14,2896.81005859375
723,2012-11-15,2847.840087890625
724,2012-11-16,2838.89990234375
725,2012-11-19,2886.0
726,2012-11-20,2910.72998046875
727,2012-11-21,2919.139892578125
728,2012-11-23,2943.6201171875
729,2012-11-26,2961.02001953125
730,2012-11-27,2974.56005859375
731,2012-11-28,2952.02001953125
732,2012-11-29,3005.409912109375
733,2012-11-30,3013.25
734,2012-12-03,3029.2099609375
735,2012-12-04,3000.43994140625
736,2012-12-05,2993.199951171875
737,2012-12-06,2967.989990234375
738,2012-12-07,2999.68994140625
739,2012-12-10,2973.18994140625
740,2012-12-11,3005.429931640625
741,2012-12-12,3033.929931640625
742,2012-12-13,3007.830078125
743,2012-12-14,2976.949951171875
744,2012-12-17,2975.5
745,2012-12-18,3020.820068359375
746,2012-12-19,3059.030029296875
747,2012-12-20,3050.300048828125
748,2012-12-21,2998.60009765625
749,2012-12-24,3013.889892578125
750,2012-12-26,3013.1298828125
751,2012-12-27,2989.8701171875
752,2012-12-28,2965.1201171875
753,2012-12-31,2955.449951171875
754,2013-01-02,3091.330078125
755,2013-01-03,3108.489990234375
756,2013-01-04,3100.8798828125
757,2013-01-07,3089.169921875
758,2013-01-08,3098.4599609375
759,2013-01-09,3099.64990234375
760,2013-01-10,3125.639892578125
761,2013-01-11,3122.1201171875
762,2013-01-14,3113.64990234375
763,2013-01-15,3101.06005859375
764,2013-01-16,3110.719970703125
765,2013-01-17,3130.489990234375
766,2013-01-18,3127.909912109375
767,2013-01-22,3135.6298828125
768,2013-01-23,3155.820068359375
769,2013-01-24,3125.669921875
770,2013-01-25,3140.64990234375
771,2013-01-28,3152.169921875
772,2013-01-29,3149.6201171875
773,2013-01-30,3157.429931640625
774,2013-01-31,3140.669921875
775,2013-02-01,3162.93994140625
776,2013-02-04,3161.719970703125
777,2013-02-05,3140.89990234375
778,2013-02-06,3159.3798828125
779,2013-02-07,3167.43994140625
780,2013-02-08,3178.06005859375
781,2013-02-11,3192.530029296875
782,2013-02-12,3190.72998046875
783,2013-02-13,3195.340087890625
784,2013-02-14,3182.739990234375
785,2013-02-15,3202.840087890625
786,2013-02-19,3197.4599609375
787,2013-02-20,3211.989990234375
788,2013-02-21,3154.8798828125
789,2013-02-22,3149.090087890625
790,2013-02-25,3180.590087890625
791,2013-02-26,3126.22998046875
792,2013-02-27,3129.719970703125
793,2013-02-28,3161.429931640625
794,2013-03-01,3143.5400390625
795,2013-03-04,3159.4599609375
796,2013-03-05,3200.3798828125
797,2013-03-06,3233.31005859375
798,2013-03-07,3224.5
799,2013-03-08,3245.85009765625
800,2013-03-11,3237.739990234375
801,2013-03-12,3244.85009765625
802,2013-03-13,3243.0400390625
803,2013-03-14,3253.0
804,2013-03-15,3260.4599609375
805,2013-03-18,3215.7099609375
806,2013-03-19,3246.699951171875
807,2013-03-20,3251.909912109375
808,2013-03-21,3228.169921875
809,2013-03-22,3235.300048828125
810,2013-03-25,3255.85009765625
811,2013-03-26,3249.949951171875
812,2013-03-27,3230.760009765625
813,2013-03-28,3257.320068359375
814,2013-04-01,3268.6298828125
815,2013-04-02,3252.550048828125
816,2013-04-03,3257.3798828125
817,2013-04-04,3219.110107421875
818,2013-04-05,3174.0
819,2013-04-08,3207.14990234375
820,2013-04-09,3229.81005859375
821,2013-04-10,3246.06005859375
822,2013-04-11,3289.590087890625
823,2013-04-12,3292.389892578125
824,2013-04-15,3277.580078125
825,2013-04-16,3239.050048828125
826,2013-04-17,3236.25
827,2013-04-18,3212.239990234375
828,2013-04-19,3169.320068359375
829,2013-04-22,3217.39990234375
830,2013-04-23,3252.800048828125
831,2013-04-24,3262.2099609375
832,2013-04-25,3279.820068359375
833,2013-04-26,3284.070068359375
834,2013-04-29,3290.31005859375
835,2013-04-30,3308.050048828125
836,2013-05-01,3325.35009765625
837,2013-05-02,3306.14990234375
838,2013-05-03,3371.409912109375
839,2013-05-06,3382.330078125
840,2013-05-07,3398.840087890625
841,2013-05-08,3394.889892578125
842,2013-05-09,3408.93994140625
843,2013-05-10,3414.840087890625
844,2013-05-13,3429.530029296875
845,2013-05-14,3439.719970703125
846,2013-05-15,3455.669921875
847,2013-05-16,3473.159912109375
848,2013-05-17,3483.409912109375
849,2013-05-20,3490.4599609375
850,2013-05-21,3495.4599609375
851,2013-05-22,3503.47998046875
852,2013-05-23,3426.070068359375
853,2013-05-24,3438.280029296875
854,2013-05-28,3497.89990234375
855,2013-05-29,3471.669921875
856,2013-05-30,3473.2099609375
857,2013-05-31,3478.219970703125
858,2013-06-03,3460.760009765625
859,2013-06-04,3467.02001953125
860,2013-06-05,3432.85009765625
861,2013-06-06,3404.409912109375
862,2013-06-07,3437.840087890625
863,2013-06-10,3475.679931640625
864,2013-06-11,3436.6201171875
865,2013-06-12,3458.139892578125
866,2013-06-13,3398.5400390625
867,2013-06-14,3442.31005859375
868,2013-06-17,3449.969970703125
869,2013-06-18,3456.2900390625
870,2013-06-19,3483.590087890625
871,2013-06-20,3405.139892578125
872,2013-06-21,3367.81005859375
873,2013-06-24,3326.3798828125
874,2013-06-25,3350.590087890625
875,2013-06-26,3375.699951171875
876,2013-06-27,3395.7900390625
877,2013-06-28,3389.300048828125
878,2013-07-01,3430.47998046875
879,2013-07-02,3430.68994140625
880,2013-07-03,3420.27001953125
881,2013-07-05,3468.47998046875
882,2013-07-08,3493.81005859375
883,2013-07-09,3501.25
884,2013-07-10,3502.110107421875
885,2013-07-11,3557.7900390625
886,2013-07-12,3579.580078125
887,2013-07-15,3601.090087890625
888,2013-07-16,3611.0
889,2013-07-17,3608.1298828125
890,2013-07-18,3610.030029296875
891,2013-07-19,3581.89990234375
892,2013-07-22,3599.8701171875
893,2013-07-23,3606.699951171875
894,2013-07-24,3605.260009765625
895,2013-07-25,3589.4599609375
896,2013-07-26,3584.85009765625
897,2013-07-29,3604.2900390625
898,2013-07-30,3612.360107421875
899,2013-07-31,3627.659912109375
900,2013-08-01,3654.179931640625
901,2013-08-02,3671.110107421875
902,2013-08-05,3682.669921875
903,2013-08-06,3685.389892578125
904,2013-08-07,3658.530029296875
905,2013-08-08,3672.2099609375
906,2013-08-09,3664.27001953125
907,2013-08-12,3645.780029296875
908,2013-08-13,3675.3701171875
909,2013-08-14,3683.969970703125
910,2013-08-15,3625.360107421875
911,2013-08-16,3603.780029296875
912,2013-08-19,3601.8798828125
913,2013-08-20,3596.77001953125
914,2013-08-21,3603.679931640625
915,2013-08-22,3614.139892578125
916,2013-08-23,3659.2099609375
917,2013-08-26,3661.81005859375
918,2013-08-27,3616.06005859375
919,2013-08-28,3579.110107421875
920,2013-08-29,3587.070068359375
921,2013-08-30,3621.590087890625
922,2013-09-03,3622.639892578125
923,2013-09-04,3619.050048828125
924,2013-09-05,3652.43994140625
925,2013-09-06,3672.820068359375
926,2013-09-09,3675.1201171875
927,2013-09-10,3724.669921875
928,2013-09-11,3710.7900390625
929,2013-09-12,3724.530029296875
930,2013-09-13,3723.27001953125
931,2013-09-16,3755.0
932,2013-09-17,3725.31005859375
933,2013-09-18,3751.2900390625
934,2013-09-19,3794.699951171875
935,2013-09-20,3796.280029296875
936,2013-09-23,3786.840087890625
937,2013-09-24,3771.60009765625
938,2013-09-25,3772.590087890625
939,2013-09-26,3774.949951171875
940,2013-09-27,3767.889892578125
941,2013-09-30,3737.60009765625
942,2013-10-01,3774.179931640625
943,2013-10-02,3793.110107421875
944,2013-10-03,3809.89990234375
945,2013-10-04,3774.719970703125
946,2013-10-07,3776.639892578125
947,2013-10-08,3772.219970703125
948,2013-10-09,3701.6201171875
949,2013-10-10,3721.580078125
950,2013-10-11,3753.219970703125
951,2013-10-14,3767.489990234375
952,2013-10-15,3810.719970703125
953,2013-10-16,3815.0
954,2013-10-17,3822.85009765625
955,2013-10-18,3893.360107421875
956,2013-10-21,3922.64990234375
957,2013-10-22,3935.5400390625
958,2013-10-23,3907.300048828125
959,2013-10-24,3911.610107421875
960,2013-10-25,3955.97998046875
961,2013-10-28,3942.56005859375
962,2013-10-29,3954.340087890625
963,2013-10-30,3962.39990234375
964,2013-10-31,3924.340087890625
965,2013-11-01,3932.449951171875
966,2013-11-04,3932.60009765625
967,2013-11-05,3925.06005859375
968,2013-11-06,3952.179931640625
969,2013-11-07,3935.81005859375
970,2013-11-08,3871.239990234375
971,2013-11-11,3913.639892578125
972,2013-11-12,3907.820068359375
973,2013-11-13,3899.3798828125
974,2013-11-14,3956.469970703125
975,2013-11-15,3978.27001953125
976,2013-11-18,3990.06005859375
977,2013-11-19,3945.97998046875
978,2013-11-20,3940.97998046875
979,2013-11-21,3938.110107421875
980,2013-11-22,3977.31005859375
981,2013-11-25,4004.3701171875
982,2013-11-26,3996.699951171875
983,2013-11-27,4026.919921875
984,2013-11-29,4057.159912109375
985,2013-12-02,4065.659912109375
986,2013-12-03,4038.989990234375
987,2013-12-04,4020.330078125
988,2013-12-05,4037.989990234375
989,2013-12-06,4069.860107421875
990,2013-12-09,4073.75
991,2013-12-10,4061.169921875
992,2013-12-11,4061.669921875
993,2013-12-12,4004.75
994,2013-12-13,4015.530029296875
995,2013-12-16,4019.3701171875
996,2013-12-17,4028.8798828125
997,2013-12-18,4024.669921875
998,2013-12-19,4059.340087890625
999,2013-12-20,4064.889892578125
1000,2013-12-23,4136.14990234375
1001,2013-12-24,4150.64013671875
1002,2013-12-26,4164.2099609375
1003,2013-12-27,4173.35986328125
1004,2013-12-30,4153.580078125
1005,2013-12-31,4161.509765625
1006,2014-01-02,4160.02978515625
1007,2014-01-03,4148.56005859375
1008,2014-01-06,4137.02978515625
1009,2014-01-07,4128.56982421875
1010,2014-01-08,4154.27978515625
1011,2014-01-09,4179.0400390625
1012,2014-01-10,4168.93994140625
1013,2014-01-13,4167.41015625
1014,2014-01-14,4129.60009765625
1015,2014-01-15,4196.52978515625
1016,2014-01-16,4209.58984375
1017,2014-01-17,4207.81982421875
1018,2014-01-21,4222.97998046875
1019,2014-01-22,4234.580078125
1020,2014-01-23,4224.35986328125
1021,2014-01-24,4194.97021484375
1022,2014-01-27,4132.22021484375
1023,2014-01-28,4067.860107421875
1024,2014-01-29,4060.610107421875
1025,2014-01-30,4098.81005859375
1026,2014-01-31,4068.6298828125
1027,2014-02-03,4105.06005859375
1028,2014-02-04,4019.43994140625
1029,2014-02-05,4015.5
1030,2014-02-06,4022.659912109375
1031,2014-02-07,4081.820068359375
1032,2014-02-10,4125.1201171875
1033,2014-02-11,4154.66015625
1034,2014-02-12,4196.85009765625
1035,2014-02-13,4171.580078125
1036,2014-02-14,4237.0
1037,2014-02-18,4253.7099609375
1038,2014-02-19,4260.740234375
1039,2014-02-20,4241.4599609375
1040,2014-02-21,4282.169921875
1041,2014-02-24,4273.31982421875
1042,2014-02-25,4298.47998046875
1043,2014-02-26,4300.4501953125
1044,2014-02-27,4291.47021484375
1045,2014-02-28,4323.52001953125
1046,2014-03-03,4261.419921875
1047,2014-03-04,4327.85009765625
1048,2014-03-05,4352.759765625
1049,2014-03-06,4368.81005859375
1050,2014-03-07,4370.97998046875
1051,2014-03-10,4332.6201171875
1052,2014-03-11,4342.93017578125
1053,2014-03-12,4288.60009765625
1054,2014-03-13,4338.259765625
1055,2014-03-14,4250.4501953125
1056,2014-03-17,4274.22021484375
1057,2014-03-18,4286.22021484375
1058,2014-03-19,4331.4599609375
1059,2014-03-20,4297.990234375
1060,2014-03-21,4339.89990234375
1061,2014-03-24,4289.490234375
1062,2014-03-25,4252.64990234375
1063,2014-03-26,4254.97998046875
1064,2014-03-27,4169.35009765625
1065,2014-03-28,4163.18017578125
1066,2014-03-31,4185.6298828125
1067,2014-04-01,4219.8701171875
1068,2014-04-02,4281.60986328125
1069,2014-04-03,4282.18017578125
1070,2014-04-04,4263.93994140625
1071,2014-04-07,4110.919921875
1072,2014-04-08,4085.179931640625
1073,2014-04-09,4129.6298828125
1074,2014-04-10,4181.2099609375
1075,2014-04-11,4015.070068359375
1076,2014-04-14,4038.06005859375
1077,2014-04-15,4032.6298828125
1078,2014-04-16,4066.820068359375
1079,2014-04-17,4080.300048828125
1080,2014-04-21,4105.3701171875
1081,2014-04-22,4132.06005859375
1082,2014-04-23,4160.89990234375
1083,2014-04-24,4174.60986328125
1084,2014-04-25,4125.16015625
1085,2014-04-28,4091.81005859375
1086,2014-04-29,4089.510009765625
1087,2014-04-30,4085.18994140625
1088,2014-05-01,4121.25
1089,2014-05-02,4138.6298828125
1090,2014-05-05,4099.25
1091,2014-05-06,4128.22021484375
1092,2014-05-07,4085.489990234375
1093,2014-05-08,4053.280029296875
1094,2014-05-09,4043.43994140625
1095,2014-05-12,4092.840087890625
1096,2014-05-13,4144.89990234375
1097,2014-05-14,4122.080078125
1098,2014-05-15,4096.52978515625
1099,2014-05-16,4070.35009765625
1100,2014-05-19,4080.330078125
1101,2014-05-20,4121.10986328125
1102,2014-05-21,4105.9599609375
1103,2014-05-22,4136.08984375
1104,2014-05-23,4159.77978515625
1105,2014-05-27,4206.43994140625
1106,2014-05-28,4234.9599609375
1107,2014-05-29,4238.0400390625
1108,2014-05-30,4251.490234375
1109,2014-06-02,4247.9599609375
1110,2014-06-03,4222.0400390625
1111,2014-06-04,4222.2099609375
1112,2014-06-05,4259.1201171875
1113,2014-06-06,4312.759765625
1114,2014-06-09,4324.35009765625
1115,2014-06-10,4329.2001953125
1116,2014-06-11,4322.919921875
1117,2014-06-12,4323.10986328125
1118,2014-06-13,4315.31005859375
1119,2014-06-16,4303.93017578125
1120,2014-06-17,4316.009765625
1121,2014-06-18,4341.18017578125
1122,2014-06-19,4370.14013671875
1123,2014-06-20,4365.3701171875
1124,2014-06-23,4368.9599609375
1125,2014-06-24,4367.89990234375
1126,2014-06-25,4341.81982421875
1127,2014-06-26,4379.43994140625
1128,2014-06-27,4371.7998046875
1129,2014-06-30,4398.3701171875
1130,2014-07-01,4424.7099609375
1131,2014-07-02,4457.85986328125
1132,2014-07-03,4472.89013671875
1133,2014-07-07,4477.740234375
1134,2014-07-08,4442.8701171875
1135,2014-07-09,4403.02978515625
1136,2014-07-10,4352.0400390625
1137,2014-07-11,4401.0498046875
1138,2014-07-14,4441.39013671875
1139,2014-07-15,4444.91015625
1140,2014-07-16,4446.169921875
1141,2014-07-17,4411.52001953125
1142,2014-07-18,4379.93994140625
1143,2014-07-21,4421.2001953125
1144,2014-07-22,4444.93994140625
1145,2014-07-23,4468.16015625
1146,2014-07-24,4481.60986328125
1147,2014-07-25,4448.06005859375
1148,2014-07-28,4451.1201171875
1149,2014-07-29,4456.06982421875
1150,2014-07-30,4468.43994140625
1151,2014-07-31,4421.2900390625
1152,2014-08-01,4363.39013671875
1153,2014-08-04,4365.6201171875
1154,2014-08-05,4364.58984375
1155,2014-08-06,4326.27978515625
1156,2014-08-07,4373.25
1157,2014-08-08,4340.8798828125
1158,2014-08-11,4387.3798828125
1159,2014-08-12,4394.68994140625
1160,2014-08-13,4407.8701171875
1161,2014-08-14,4438.1298828125
1162,2014-08-15,4479.64013671875
1163,2014-08-18,4490.52978515625
1164,2014-08-19,4514.259765625
1165,2014-08-20,4517.75
1166,2014-08-21,4526.72021484375
1167,2014-08-22,4534.8701171875
1168,2014-08-25,4563.72021484375
1169,2014-08-26,4563.81005859375
1170,2014-08-27,4574.35009765625
1171,2014-08-28,4552.5498046875
1172,2014-08-29,4571.759765625
1173,2014-09-02,4592.419921875
1174,2014-09-03,4610.14013671875
1175,2014-09-04,4581.52001953125
1176,2014-09-05,4560.6298828125
1177,2014-09-08,4579.06005859375
1178,2014-09-09,4588.830078125
1179,2014-09-10,4554.14990234375
1180,2014-09-11,4567.64013671875
1181,2014-09-12,4588.77001953125
1182,2014-09-15,4567.4501953125
1183,2014-09-16,4502.10986328125
1184,2014-09-17,4553.9599609375
1185,2014-09-18,4575.740234375
1186,2014-09-19,4606.1298828125
1187,2014-09-22,4568.4501953125
1188,2014-09-23,4511.31982421875
1189,2014-09-24,4514.919921875
1190,2014-09-25,4540.81982421875
1191,2014-09-26,4476.47998046875
1192,2014-09-29,4465.83984375
1193,2014-09-30,4512.64013671875
1194,2014-10-01,4486.64990234375
1195,2014-10-02,4421.25
1196,2014-10-03,4456.81005859375
1197,2014-10-06,4492.39990234375
1198,2014-10-07,4433.91015625
1199,2014-10-08,4385.7001953125
1200,2014-10-09,4458.2900390625
1201,2014-10-10,4354.6298828125
1202,2014-10-13,4274.91015625
1203,2014-10-14,4246.22998046875
1204,2014-10-15,4154.10009765625
1205,2014-10-16,4133.25
1206,2014-10-17,4275.08984375
1207,2014-10-20,4254.16015625
1208,2014-10-21,4359.169921875
1209,2014-10-22,4429.16015625
1210,2014-10-23,4427.43994140625
1211,2014-10-24,4459.4599609375
1212,2014-10-27,4469.02001953125
1213,2014-10-28,4505.72998046875
1214,2014-10-29,4551.3701171875
1215,2014-10-30,4532.10009765625
1216,2014-10-31,4639.4501953125
1217,2014-11-03,4633.7099609375
1218,2014-11-04,4623.77001953125
1219,2014-11-05,4649.47021484375
1220,2014-11-06,4616.77978515625
1221,2014-11-07,4636.89013671875
1222,2014-11-10,4635.10009765625
1223,2014-11-11,4649.18994140625
1224,2014-11-12,4644.6298828125
1225,2014-11-13,4681.56005859375
1226,2014-11-14,4679.85009765625
1227,2014-11-17,4678.43994140625
1228,2014-11-18,4674.83984375
1229,2014-11-19,4694.77978515625
1230,2014-11-20,4655.2001953125
1231,2014-11-21,4751.009765625
1232,2014-11-24,4725.169921875
1233,2014-11-25,4762.39013671875
1234,2014-11-26,4760.22998046875
1235,2014-11-28,4797.10009765625
1236,2014-12-01,4777.72998046875
1237,2014-12-02,4732.97021484375
1238,2014-12-03,4761.31005859375
1239,2014-12-04,4772.0
1240,2014-12-05,4776.580078125
1241,2014-12-08,4769.759765625
1242,2014-12-09,4685.2001953125
1243,2014-12-10,4754.419921875
1244,2014-12-11,4704.64990234375
1245,2014-12-12,4665.35009765625
1246,2014-12-15,4679.669921875
1247,2014-12-16,4572.7900390625
1248,2014-12-17,4556.89990234375
1249,2014-12-18,4712.39013671875
1250,2014-12-19,4752.60009765625
1251,2014-12-22,4759.0400390625
1252,2014-12-23,4798.02978515625
1253,2014-12-24,4770.1201171875
1254,2014-12-26,4788.06005859375
1255,2014-12-29,4801.259765625
1256,2014-12-30,4793.60986328125
1257,2014-12-31,4790.52978515625
1258,2015-01-02,4760.240234375
1259,2015-01-05,4700.33984375
1260,2015-01-06,4666.85009765625
1261,2015-01-07,4626.83984375
1262,2015-01-08,4689.5400390625
1263,2015-01-09,4744.47021484375
1264,2015-01-12,4714.06982421875
1265,2015-01-13,4708.740234375
1266,2015-01-14,4610.759765625
1267,2015-01-15,4657.4599609375
1268,2015-01-16,4566.3798828125
1269,2015-01-20,4655.83984375
1270,2015-01-21,4641.9501953125
1271,2015-01-22,4690.93017578125
1272,2015-01-23,4748.18994140625
1273,2015-01-26,4752.35986328125
1274,2015-01-27,4698.22998046875
1275,2015-01-28,4740.68994140625
1276,2015-01-29,4635.72998046875
1277,2015-01-30,4671.2099609375
1278,2015-02-02,4650.60009765625
1279,2015-02-03,4693.25
1280,2015-02-04,4699.81005859375
1281,2015-02-05,4729.64990234375
1282,2015-02-06,4768.83984375
1283,2015-02-09,4723.72998046875
1284,2015-02-10,4754.6298828125
1285,2015-02-11,4788.3701171875
1286,2015-02-12,4828.080078125
1287,2015-02-13,4869.72998046875
1288,2015-02-17,4889.990234375
1289,2015-02-18,4890.83984375
1290,2015-02-19,4901.509765625
1291,2015-02-20,4919.77978515625
1292,2015-02-23,4953.10009765625
1293,2015-02-24,4956.2099609375
1294,2015-02-25,4960.35986328125
1295,2015-02-26,4969.27001953125
1296,2015-02-27,4985.02978515625
1297,2015-03-02,4973.43017578125
1298,2015-03-03,4990.7001953125
1299,2015-03-04,4961.240234375
1300,2015-03-05,4979.9501953125
1301,2015-03-06,4967.240234375
1302,2015-03-09,4936.080078125
1303,2015-03-10,4899.509765625
1304,2015-03-11,4866.93994140625
1305,2015-03-12,4853.97998046875
1306,2015-03-13,4885.5400390625
1307,2015-03-16,4897.27001953125
1308,2015-03-17,4912.64990234375
1309,2015-03-18,4926.830078125
1310,2015-03-19,4982.02001953125
1311,2015-03-20,5033.47021484375
1312,2015-03-23,5020.60009765625
1313,2015-03-24,5010.10009765625
1314,2015-03-25,5002.830078125
1315,2015-03-26,4835.7099609375
1316,2015-03-27,4863.740234375
1317,2015-03-30,4921.77978515625
1318,2015-03-31,4925.91015625
1319,2015-04-01,4894.35986328125
1320,2015-04-02,4885.41015625
1321,2015-04-06,4855.93994140625
1322,2015-04-07,4917.5
1323,2015-04-08,4914.14990234375
1324,2015-04-09,4950.83984375
1325,2015-04-10,4977.02978515625
1326,2015-04-13,5001.5498046875
1327,2015-04-14,4988.81982421875
1328,2015-04-15,4992.6201171875
1329,2015-04-16,4999.35986328125
1330,2015-04-17,4966.10986328125
1331,2015-04-20,4958.06982421875
1332,2015-04-21,5023.9599609375
1333,2015-04-22,5026.56982421875
1334,2015-04-23,5020.22021484375
1335,2015-04-24,5096.33984375
1336,2015-04-27,5104.35986328125
1337,2015-04-28,5063.259765625
1338,2015-04-29,5028.4501953125
1339,2015-04-30,4996.990234375
1340,2015-05-01,4966.31982421875
1341,2015-05-04,5018.35009765625
1342,2015-05-05,5000.2001953125
1343,2015-05-06,4956.7001953125
1344,2015-05-07,4917.75
1345,2015-05-08,4991.6298828125
1346,2015-05-11,5003.259765625
1347,2015-05-12,4966.43994140625
1348,2015-05-13,4991.419921875
1349,2015-05-14,5016.68017578125
1350,2015-05-15,5059.14990234375
1351,2015-05-18,5040.919921875
1352,2015-05-19,5080.43994140625
1353,2015-05-20,5072.43994140625
1354,2015-05-21,5065.93994140625
1355,2015-05-22,5085.39013671875
1356,2015-05-26,5076.91015625
1357,2015-05-27,5047.85986328125
1358,2015-05-28,5096.33984375
1359,2015-05-29,5093.10009765625
1360,2015-06-01,5094.93994140625
1361,2015-06-02,5063.47021484375
1362,2015-06-03,5098.47998046875
1363,2015-06-04,5078.22021484375
1364,2015-06-05,5057.0400390625
1365,2015-06-08,5066.64990234375
1366,2015-06-09,5013.1298828125
1367,2015-06-10,5029.41015625
1368,2015-06-11,5088.259765625
1369,2015-06-12,5060.240234375
1370,2015-06-15,5011.7900390625
1371,2015-06-16,5023.580078125
1372,2015-06-17,5067.68017578125
1373,2015-06-18,5082.06005859375
1374,2015-06-19,5139.77001953125
1375,2015-06-22,5147.8701171875
1376,2015-06-23,5161.68017578125
1377,2015-06-24,5151.3798828125
1378,2015-06-25,5139.47998046875
1379,2015-06-26,5113.259765625
1380,2015-06-29,5021.2099609375
1381,2015-06-30,5000.14990234375
1382,2015-07-01,5029.0498046875
1383,2015-07-02,5024.2998046875
1384,2015-07-06,4963.7998046875
1385,2015-07-07,4993.759765625
1386,2015-07-08,4953.97998046875
1387,2015-07-09,4976.14990234375
1388,2015-07-10,4981.240234375
1389,2015-07-13,5037.27001953125
1390,2015-07-14,5077.1201171875
1391,2015-07-15,5111.10986328125
1392,2015-07-16,5138.18017578125
1393,2015-07-17,5196.10986328125
1394,2015-07-20,5223.18017578125
1395,2015-07-21,5219.2001953125
1396,2015-07-22,5146.02978515625
1397,2015-07-23,5180.330078125
1398,2015-07-24,5166.91015625
1399,2015-07-27,5055.919921875
1400,2015-07-28,5063.43994140625
1401,2015-07-29,5097.85986328125
1402,2015-07-30,5100.2998046875
1403,2015-07-31,5148.18017578125
1404,2015-08-03,5134.33984375
1405,2015-08-04,5110.9599609375
1406,2015-08-05,5132.77001953125
1407,2015-08-06,5146.6298828125
1408,2015-08-07,5043.97021484375
1409,2015-08-10,5081.72021484375
1410,2015-08-11,5069.16015625
1411,2015-08-12,4994.52001953125
1412,2015-08-13,5050.93994140625
1413,2015-08-14,5025.919921875
1414,2015-08-17,5032.33984375
1415,2015-08-18,5082.169921875
1416,2015-08-19,5039.02978515625
1417,2015-08-20,4973.490234375
1418,2015-08-21,4801.0400390625
1419,2015-08-24,4351.60986328125
1420,2015-08-25,4687.27001953125
1421,2015-08-26,4633.509765625
1422,2015-08-27,4761.0498046875
1423,2015-08-28,4792.10986328125
1424,2015-08-31,4798.68017578125
1425,2015-09-01,4673.60986328125
1426,2015-09-02,4704.419921875
1427,2015-09-03,4763.10009765625
1428,2015-09-04,4670.35009765625
1429,2015-09-08,4769.72021484375
1430,2015-09-09,4856.27001953125
1431,2015-09-10,4749.9599609375
1432,2015-09-11,4770.72998046875
1433,2015-09-14,4831.97998046875
1434,2015-09-15,4819.31982421875
1435,2015-09-16,4860.43017578125
1436,2015-09-17,4884.10986328125
1437,2015-09-18,4828.7099609375
1438,2015-09-21,4851.97998046875
1439,2015-09-22,4762.2900390625
1440,2015-09-23,4764.68994140625
1441,2015-09-24,4717.89013671875
1442,2015-09-25,4782.41015625
1443,2015-09-28,4665.06005859375
1444,2015-09-29,4551.0400390625
1445,2015-09-30,4574.3798828125
1446,2015-10-01,4624.4599609375
1447,2015-10-02,4566.1298828125
1448,2015-10-05,4742.1298828125
1449,2015-10-06,4767.6298828125
1450,2015-10-07,4775.0498046875
1451,2015-10-08,4775.06005859375
1452,2015-10-09,4817.27978515625
1453,2015-10-12,4839.7900390625
1454,2015-10-13,4809.240234375
1455,2015-10-14,4801.35009765625
1456,2015-10-15,4799.43017578125
1457,2015-10-16,4872.35986328125
1458,2015-10-19,4873.5400390625
1459,2015-10-20,4900.02001953125
1460,2015-10-21,4903.97998046875
1461,2015-10-22,4875.9599609375
1462,2015-10-23,5024.3798828125
1463,2015-10-26,5030.7998046875
1464,2015-10-27,5018.990234375
1465,2015-10-28,5040.3798828125
1466,2015-10-29,5071.0400390625
1467,2015-10-30,5079.759765625
1468,2015-11-02,5065.64013671875
1469,2015-11-03,5114.31005859375
1470,2015-11-04,5155.6201171875
1471,2015-11-05,5144.14990234375
1472,2015-11-06,5124.0400390625
1473,2015-11-09,5128.93994140625
1474,2015-11-10,5068.5498046875
1475,2015-11-11,5098.1298828125
1476,2015-11-12,5043.10009765625
1477,2015-11-13,4980.85986328125
1478,2015-11-16,4916.14013671875
1479,2015-11-17,4991.7099609375
1480,2015-11-18,5004.60009765625
1481,2015-11-19,5078.669921875
1482,2015-11-20,5096.9599609375
1483,2015-11-23,5106.72021484375
1484,2015-11-24,5070.66015625
1485,2015-11-25,5106.8701171875
1486,2015-11-27,5121.93017578125
1487,2015-11-30,5139.580078125
1488,2015-12-01,5129.64013671875
1489,2015-12-02,5158.81982421875
1490,2015-12-03,5143.16015625
1491,2015-12-04,5050.93017578125
1492,2015-12-07,5139.4599609375
1493,2015-12-08,5050.52001953125
1494,2015-12-09,5077.2099609375
1495,2015-12-10,5026.2998046875
1496,2015-12-11,4979.77001953125
1497,2015-12-14,4932.60986328125
1498,2015-12-15,4991.2099609375
1499,2015-12-16,5033.47998046875
1500,2015-12-17,5087.169921875
1501,2015-12-18,4982.580078125
1502,2015-12-21,4957.52978515625
1503,2015-12-22,4988.68017578125
1504,2015-12-23,5025.5498046875
1505,2015-12-24,5046.18994140625
1506,2015-12-28,5032.2900390625
1507,2015-12-29,5066.52001953125
1508,2015-12-30,5101.18017578125
1509,2015-12-31,5047.0400390625
1510,2016-01-04,4897.64990234375
1511,2016-01-05,4917.83984375
1512,2016-01-06,4813.759765625
1513,2016-01-07,4736.39990234375
1514,2016-01-08,4722.02001953125
1515,2016-01-11,4673.43994140625
1516,2016-01-12,4681.5400390625
1517,2016-01-13,4706.02001953125
1518,2016-01-14,4545.3701171875
1519,2016-01-15,4464.3701171875
1520,2016-01-19,4548.0498046875
1521,2016-01-20,4405.22021484375
1522,2016-01-21,4480.7001953125
1523,2016-01-22,4557.39013671875
1524,2016-01-25,4574.58984375
1525,2016-01-26,4537.0400390625
1526,2016-01-27,4548.8701171875
1527,2016-01-28,4533.81005859375
1528,2016-01-29,4512.08984375
1529,2016-02-01,4587.58984375
1530,2016-02-02,4588.68994140625
1531,2016-02-03,4543.81982421875
1532,2016-02-04,4492.47998046875
1533,2016-02-05,4491.47998046875
1534,2016-02-08,4288.02001953125
1535,2016-02-09,4224.8701171875
1536,2016-02-10,4318.27978515625
1537,2016-02-11,4218.81005859375
1538,2016-02-12,4307.2900390625
1539,2016-02-16,4397.9501953125
1540,2016-02-17,4471.66015625
1541,2016-02-18,4548.10009765625
1542,2016-02-19,4464.669921875
1543,2016-02-22,4548.31005859375
1544,2016-02-23,4550.0498046875
1545,2016-02-24,4453.93017578125
1546,2016-02-25,4554.72998046875
1547,2016-02-26,4615.14013671875
1548,2016-02-29,4585.2998046875
1549,2016-03-01,4596.009765625
1550,2016-03-02,4683.7998046875
1551,2016-03-03,4698.3798828125
1552,2016-03-04,4715.759765625
1553,2016-03-07,4690.8798828125
1554,2016-03-08,4676.22021484375
1555,2016-03-09,4666.419921875
1556,2016-03-10,4691.2001953125
1557,2016-03-11,4712.3798828125
1558,2016-03-14,4733.39013671875
1559,2016-03-15,4731.14013671875
1560,2016-03-16,4717.8798828125
1561,2016-03-17,4752.6201171875
1562,2016-03-18,4784.6298828125
1563,2016-03-21,4787.31005859375
1564,2016-03-22,4783.60009765625
1565,2016-03-23,4813.8701171875
1566,2016-03-24,4743.35986328125
1567,2016-03-28,4785.25
1568,2016-03-29,4756.5498046875
1569,2016-03-30,4875.4599609375
1570,2016-03-31,4869.56982421875
1571,2016-04-01,4842.5498046875
1572,2016-04-04,4911.2099609375
1573,2016-04-05,4855.89990234375
1574,2016-04-06,4849.580078125
1575,2016-04-07,4893.56982421875
1576,2016-04-08,4883.990234375
1577,2016-04-11,4873.39013671875
1578,2016-04-12,4838.81982421875
1579,2016-04-13,4904.7900390625
1580,2016-04-14,4947.6201171875
1581,2016-04-15,4938.830078125
1582,2016-04-18,4919.35986328125
1583,2016-04-19,4968.2998046875
1584,2016-04-20,4941.990234375
1585,2016-04-21,4949.1201171875
1586,2016-04-22,4898.240234375
1587,2016-04-25,4891.47998046875
1588,2016-04-26,4903.81005859375
1589,2016-04-27,4855.3798828125
1590,2016-04-28,4857.60009765625
1591,2016-04-29,4805.7900390625
1592,2016-05-02,4786.5498046875
1593,2016-05-03,4780.8798828125
1594,2016-05-04,4735.27978515625
1595,2016-05-05,4742.419921875
1596,2016-05-06,4695.89990234375
1597,2016-05-09,4736.35009765625
1598,2016-05-10,4768.91015625
1599,2016-05-11,4799.2998046875
1600,2016-05-12,4778.18994140625
1601,2016-05-13,4731.06982421875
1602,2016-05-16,4728.85986328125
1603,2016-05-17,4768.85009765625
1604,2016-05-18,4705.77978515625
1605,2016-05-19,4717.35986328125
1606,2016-05-20,4729.43994140625
1607,2016-05-23,4771.56982421875
1608,2016-05-24,4792.85009765625
1609,2016-05-25,4877.18017578125
1610,2016-05-26,4897.77978515625
1611,2016-05-27,4904.0498046875
1612,2016-05-31,4938.47998046875
1613,2016-06-01,4928.97021484375
1614,2016-06-02,4941.25
1615,2016-06-03,4958.10009765625
1616,2016-06-06,4950.4599609375
1617,2016-06-07,4972.1298828125
1618,2016-06-08,4970.009765625
1619,2016-06-09,4954.14990234375
1620,2016-06-10,4915.14990234375
1621,2016-06-13,4868.509765625
1622,2016-06-14,4836.669921875
1623,2016-06-15,4855.080078125
1624,2016-06-16,4809.68994140625
1625,2016-06-17,4835.02001953125
1626,2016-06-20,4856.68994140625
1627,2016-06-21,4845.080078125
1628,2016-06-22,4846.68017578125
1629,2016-06-23,4872.18994140625
1630,2016-06-24,4715.7900390625
1631,2016-06-27,4664.43017578125
1632,2016-06-28,4643.93017578125
1633,2016-06-29,4732.93017578125
1634,2016-06-30,4793.75
1635,2016-07-01,4837.18017578125
1636,2016-07-05,4837.06005859375
1637,2016-07-06,4799.31982421875
1638,2016-07-07,4867.47021484375
1639,2016-07-08,4906.66015625
1640,2016-07-11,4976.5400390625
1641,2016-07-12,5017.990234375
1642,2016-07-13,5036.31982421875
1643,2016-07-14,5041.9501953125
1644,2016-07-15,5041.18994140625
1645,2016-07-18,5034.990234375
1646,2016-07-19,5038.22021484375
1647,2016-07-20,5061.60009765625
1648,2016-07-21,5093.97021484375
1649,2016-07-22,5078.1201171875
1650,2016-07-25,5096.990234375
1651,2016-07-26,5095.60986328125
1652,2016-07-27,5143.83984375
1653,2016-07-28,5144.81982421875
1654,2016-07-29,5162.14990234375
1655,2016-08-01,5167.419921875
1656,2016-08-02,5177.52978515625
1657,2016-08-03,5133.240234375
1658,2016-08-04,5158.02001953125
1659,2016-08-05,5190.7099609375
1660,2016-08-08,5223.5400390625
1661,2016-08-09,5216.2099609375
1662,2016-08-10,5227.9501953125
1663,2016-08-11,5222.14990234375
1664,2016-08-12,5219.66015625
1665,2016-08-15,5242.18017578125
1666,2016-08-16,5247.9599609375
1667,2016-08-17,5228.43994140625
1668,2016-08-18,5226.4501953125
1669,2016-08-19,5229.8701171875
1670,2016-08-22,5231.4599609375
1671,2016-08-23,5265.77978515625
1672,2016-08-24,5254.419921875
1673,2016-08-25,5207.60986328125
1674,2016-08-26,5219.0498046875
1675,2016-08-29,5223.7998046875
1676,2016-08-30,5229.8798828125
1677,2016-08-31,5216.419921875
1678,2016-09-01,5218.27978515625
1679,2016-09-02,5249.66015625
1680,2016-09-06,5260.0
1681,2016-09-07,5274.22998046875
1682,2016-09-08,5269.9599609375
1683,2016-09-09,5217.9501953125
1684,2016-09-12,5098.02978515625
1685,2016-09-13,5181.14013671875
1686,2016-09-14,5160.2099609375
1687,2016-09-15,5178.10009765625
1688,2016-09-16,5238.7099609375
1689,2016-09-19,5263.5498046875
1690,2016-09-20,5256.18994140625
1691,2016-09-21,5263.64990234375
1692,2016-09-22,5323.259765625
1693,2016-09-23,5327.43017578125
1694,2016-09-26,5275.72998046875
1695,2016-09-27,5254.18017578125
1696,2016-09-28,5312.72998046875
1697,2016-09-29,5311.31005859375
1698,2016-09-30,5288.8701171875
1699,2016-10-03,5300.2900390625
1700,2016-10-04,5313.490234375
1701,2016-10-05,5305.27978515625
1702,2016-10-06,5306.58984375
1703,2016-10-07,5314.919921875
1704,2016-10-10,5318.4599609375
1705,2016-10-11,5321.81982421875
1706,2016-10-12,5247.91015625
1707,2016-10-13,5200.2998046875
1708,2016-10-14,5241.259765625
1709,2016-10-17,5213.68994140625
1710,2016-10-18,5255.31982421875
1711,2016-10-19,5240.330078125
1712,2016-10-20,5238.2001953125
1713,2016-10-21,5238.64990234375
1714,2016-10-24,5290.31005859375
1715,2016-10-25,5306.47021484375
1716,2016-10-26,5256.39990234375
1717,2016-10-27,5272.18994140625
1718,2016-10-28,5203.7001953125
1719,2016-10-31,5205.08984375
1720,2016-11-01,5199.77001953125
1721,2016-11-02,5147.27978515625
1722,2016-11-03,5104.7001953125
1723,2016-11-04,5034.41015625
1724,2016-11-07,5128.990234375
1725,2016-11-08,5154.990234375
1726,2016-11-09,5143.85986328125
1727,2016-11-10,5283.47998046875
1728,2016-11-11,5191.81982421875
1729,2016-11-14,5246.330078125
1730,2016-11-15,5241.35009765625
1731,2016-11-16,5253.740234375
1732,2016-11-17,5295.06982421875
1733,2016-11-18,5340.97021484375
1734,2016-11-21,5336.77978515625
1735,2016-11-22,5384.75
1736,2016-11-23,5366.5498046875
1737,2016-11-25,5388.490234375
1738,2016-11-28,5387.919921875
1739,2016-11-29,5370.97998046875
1740,2016-11-30,5391.35009765625
1741,2016-12-01,5323.8798828125
1742,2016-12-02,5249.02001953125
1743,2016-12-05,5283.580078125
1744,2016-12-06,5317.740234375
1745,2016-12-07,5322.669921875
1746,2016-12-08,5394.14990234375
1747,2016-12-09,5436.10986328125
1748,2016-12-12,5428.22021484375
1749,2016-12-13,5433.56982421875
1750,2016-12-14,5465.68994140625
1751,2016-12-15,5443.509765625
1752,2016-12-16,5467.81982421875
1753,2016-12-19,5441.2001953125
1754,2016-12-20,5473.52978515625
1755,2016-12-21,5482.6298828125
1756,2016-12-22,5472.009765625
1757,2016-12-23,5441.759765625
1758,2016-12-27,5470.759765625
1759,2016-12-28,5497.43994140625
1760,2016-12-29,5437.509765625
1761,2016-12-30,5440.169921875
1762,2017-01-03,5425.6201171875
1763,2017-01-04,5440.91015625
1764,2017-01-05,5474.39013671875
1765,2017-01-06,5499.080078125
1766,2017-01-09,5527.580078125
1767,2017-01-10,5536.5400390625
1768,2017-01-11,5550.72021484375
1769,2017-01-12,5542.56005859375
1770,2017-01-13,5557.56982421875
1771,2017-01-17,5555.16015625
1772,2017-01-18,5546.93994140625
1773,2017-01-19,5560.60986328125
1774,2017-01-20,5556.8701171875
1775,2017-01-23,5546.64013671875
1776,2017-01-24,5568.27001953125
1777,2017-01-25,5635.85986328125
1778,2017-01-26,5666.27978515625
1779,2017-01-27,5664.8798828125
1780,2017-01-30,5635.85986328125
1781,2017-01-31,5592.8701171875
1782,2017-02-01,5654.509765625
1783,2017-02-02,5627.14990234375
1784,2017-02-03,5650.72998046875
1785,2017-02-06,5656.9501953125
1786,2017-02-07,5674.85986328125
1787,2017-02-08,5662.9501953125
1788,2017-02-09,5688.02001953125
1789,2017-02-10,5726.169921875
1790,2017-02-13,5753.18994140625
1791,2017-02-14,5756.509765625
1792,2017-02-15,5777.89990234375
1793,2017-02-16,5823.009765625
1794,2017-02-17,5807.31005859375
1795,2017-02-21,5850.2001953125
1796,2017-02-22,5857.56005859375
1797,2017-02-23,5866.81982421875
1798,2017-02-24,5802.330078125
1799,2017-02-27,5835.0400390625
1800,2017-02-28,5852.7900390625
1801,2017-03-01,5874.85986328125
1802,2017-03-02,5897.009765625
1803,2017-03-03,5854.27001953125
1804,2017-03-06,5846.419921875
1805,2017-03-07,5836.1201171875
1806,2017-03-08,5838.43994140625
1807,2017-03-09,5834.669921875
1808,2017-03-10,5867.16015625
1809,2017-03-13,5863.47998046875
1810,2017-03-14,5860.06982421875
1811,2017-03-15,5869.97998046875
1812,2017-03-16,5907.85986328125
1813,2017-03-17,5898.580078125
1814,2017-03-20,5898.81005859375
1815,2017-03-21,5923.419921875
1816,2017-03-22,5790.58984375
1817,2017-03-23,5812.31005859375
1818,2017-03-24,5839.330078125
1819,2017-03-27,5776.330078125
1820,2017-03-28,5836.5
1821,2017-03-29,5875.35009765625
1822,2017-03-30,5896.14990234375
1823,2017-03-31,5905.6298828125
1824,2017-04-03,5917.31982421875
1825,2017-04-04,5878.759765625
1826,2017-04-05,5911.919921875
1827,2017-04-06,5870.52001953125
1828,2017-04-07,5873.93994140625
1829,2017-04-10,5883.43017578125
1830,2017-04-11,5871.16015625
1831,2017-04-12,5863.58984375
1832,2017-04-13,5828.3701171875
1833,2017-04-17,5821.5498046875
1834,2017-04-18,5838.58984375
1835,2017-04-19,5874.43017578125
1836,2017-04-20,5887.8701171875
1837,2017-04-21,5919.02001953125
1838,2017-04-24,5979.9599609375
1839,2017-04-25,6004.16015625
1840,2017-04-26,6028.1201171875
1841,2017-04-27,6038.47021484375
1842,2017-04-28,6072.8701171875
1843,2017-05-01,6067.56005859375
1844,2017-05-02,6102.509765625
1845,2017-05-03,6075.0400390625
1846,2017-05-04,6075.06005859375
1847,2017-05-05,6091.68994140625
1848,2017-05-08,6100.66015625
1849,2017-05-09,6111.81982421875
1850,2017-05-10,6121.64013671875
1851,2017-05-11,6110.0498046875
1852,2017-05-12,6119.27001953125
1853,2017-05-15,6128.10986328125
1854,2017-05-16,6160.52001953125
1855,2017-05-17,6108.6201171875
1856,2017-05-18,5998.4599609375
1857,2017-05-19,6070.22998046875
1858,2017-05-22,6098.25
1859,2017-05-23,6149.5498046875
1860,2017-05-24,6154.18017578125
1861,2017-05-25,6183.02001953125
1862,2017-05-26,6207.0400390625
1863,2017-05-30,6204.18017578125
1864,2017-05-31,6221.6298828125
1865,2017-06-01,6215.91015625
1866,2017-06-02,6261.58984375
1867,2017-06-05,6305.47021484375
1868,2017-06-06,6281.8798828125
1869,2017-06-07,6290.43994140625
1870,2017-06-08,6311.72998046875
1871,2017-06-09,6330.25
1872,2017-06-12,6153.56005859375
1873,2017-06-13,6206.1201171875
1874,2017-06-14,6237.4599609375
1875,2017-06-15,6127.0498046875
1876,2017-06-16,6154.27978515625
1877,2017-06-19,6196.85009765625
1878,2017-06-20,6229.6201171875
1879,2017-06-21,6202.75
1880,2017-06-22,6239.14990234375
1881,2017-06-23,6234.35009765625
1882,2017-06-26,6292.72998046875
1883,2017-06-27,6227.89990234375
1884,2017-06-28,6173.10009765625
1885,2017-06-29,6215.490234375
1886,2017-06-30,6166.83984375
1887,2017-07-03,6173.2900390625
1888,2017-07-05,6122.06005859375
1889,2017-07-06,6109.60009765625
1890,2017-07-07,6111.2099609375
1891,2017-07-10,6156.02978515625
1892,2017-07-11,6171.25
1893,2017-07-12,6238.89990234375
1894,2017-07-13,6269.10009765625
1895,2017-07-14,6289.080078125
1896,2017-07-17,6320.35009765625
1897,2017-07-18,6304.81982421875
1898,2017-07-19,6363.240234375
1899,2017-07-20,6396.4599609375
1900,2017-07-21,6383.0498046875
1901,2017-07-24,6387.81982421875
1902,2017-07-25,6407.58984375
1903,2017-07-26,6425.93017578125
1904,2017-07-27,6459.759765625
1905,2017-07-28,6350.27001953125
1906,2017-07-31,6394.68994140625
1907,2017-08-01,6372.16015625
1908,2017-08-02,6393.10009765625
1909,2017-08-03,6366.240234375
1910,2017-08-04,6350.7900390625
1911,2017-08-07,6361.06005859375
1912,2017-08-08,6373.330078125
1913,2017-08-09,6322.919921875
1914,2017-08-10,6312.64990234375
1915,2017-08-11,6222.18017578125
1916,2017-08-14,6306.10986328125
1917,2017-08-15,6350.509765625
1918,2017-08-16,6348.10986328125
1919,2017-08-17,6322.72021484375
1920,2017-08-18,6222.4599609375
1921,2017-08-21,6216.31982421875
1922,2017-08-22,6241.2099609375
1923,2017-08-23,6263.47021484375
1924,2017-08-24,6294.81982421875
1925,2017-08-25,6293.81005859375
1926,2017-08-28,6286.009765625
1927,2017-08-29,6228.89990234375
1928,2017-08-30,6308.68017578125
1929,2017-08-31,6385.7998046875
1930,2017-09-01,6442.169921875
1931,2017-09-05,6414.81982421875
1932,2017-09-06,6394.35009765625
1933,2017-09-07,6402.93994140625
1934,2017-09-08,6389.64990234375
1935,2017-09-11,6411.18017578125
1936,2017-09-12,6448.81005859375
1937,2017-09-13,6440.72021484375
1938,2017-09-14,6439.4599609375
1939,2017-09-15,6426.16015625
1940,2017-09-18,6460.10009765625
1941,2017-09-19,6465.56982421875
1942,2017-09-20,6459.740234375
1943,2017-09-21,6448.56982421875
1944,2017-09-22,6401.43994140625
1945,2017-09-25,6403.10986328125
1946,2017-09-26,6391.85009765625
1947,2017-09-27,6414.3701171875
1948,2017-09-28,6437.9599609375
1949,2017-09-29,6461.27978515625
1950,2017-10-02,6506.080078125
1951,2017-10-03,6523.740234375
1952,2017-10-04,6521.9599609375
1953,2017-10-05,6552.8701171875
1954,2017-10-06,6566.9501953125
1955,2017-10-09,6597.3701171875
1956,2017-10-10,6602.490234375
1957,2017-10-11,6586.72998046875
1958,2017-10-12,6594.759765625
1959,2017-10-13,6613.2099609375
1960,2017-10-16,6622.5498046875
1961,2017-10-17,6621.419921875
1962,2017-10-18,6634.259765625
1963,2017-10-19,6583.7001953125
1964,2017-10-20,6633.3701171875
1965,2017-10-23,6641.56982421875
1966,2017-10-24,6598.60986328125
1967,2017-10-25,6587.22021484375
1968,2017-10-26,6567.58984375
1969,2017-10-27,6635.02978515625
1970,2017-10-30,6693.77001953125
1971,2017-10-31,6713.7099609375
1972,2017-11-01,6758.64013671875
1973,2017-11-02,6709.39013671875
1974,2017-11-03,6737.08984375
1975,2017-11-06,6763.2998046875
1976,2017-11-07,6785.43994140625
1977,2017-11-08,6764.85009765625
1978,2017-11-09,6737.4501953125
1979,2017-11-10,6736.39013671875
1980,2017-11-13,6727.39013671875
1981,2017-11-14,6733.8701171875
1982,2017-11-15,6700.68017578125
1983,2017-11-16,6742.33984375
1984,2017-11-17,6794.4501953125
1985,2017-11-20,6789.27978515625
1986,2017-11-21,6820.5498046875
1987,2017-11-22,6869.52978515625
1988,2017-11-24,6878.10986328125
1989,2017-11-27,6889.91015625
1990,2017-11-28,6893.72021484375
1991,2017-11-29,6907.27978515625
1992,2017-11-30,6852.7998046875
1993,2017-12-01,6844.0400390625
1994,2017-12-04,6897.1298828125
1995,2017-12-05,6759.14013671875
1996,2017-12-06,6742.06982421875
1997,2017-12-07,6785.740234375
1998,2017-12-08,6859.9501953125
1999,2017-12-11,6847.64013671875
2000,2017-12-12,6872.7099609375
2001,2017-12-13,6880.41015625
2002,2017-12-14,6887.3798828125
2003,2017-12-15,6871.5498046875
2004,2017-12-18,6980.39990234375
2005,2017-12-19,6991.25
2006,2017-12-20,6991.25
2007,2017-12-21,6972.8798828125
2008,2017-12-22,6958.02001953125
2009,2017-12-26,6928.919921875
2010,2017-12-27,6941.4501953125
2011,2017-12-28,6953.3798828125
2012,2017-12-29,6952.60986328125
2013,2018-01-02,6937.64990234375
2014,2018-01-03,7017.06982421875
2015,2018-01-04,7089.5
2016,2018-01-05,7105.740234375
2017,2018-01-08,7135.3798828125
2018,2018-01-09,7174.18994140625
2019,2018-01-10,7129.830078125
2020,2018-01-11,7168.72998046875
2021,2018-01-12,7208.169921875
2022,2018-01-16,7307.18994140625
2023,2018-01-17,7257.77001953125
2024,2018-01-18,7293.64990234375
2025,2018-01-19,7312.0
2026,2018-01-22,7338.0400390625
2027,2018-01-23,7424.9501953125
2028,2018-01-24,7474.16015625
2029,2018-01-25,7457.9501953125
2030,2018-01-26,7448.330078125
2031,2018-01-29,7484.47021484375
2032,2018-01-30,7388.89013671875
2033,2018-01-31,7443.25
2034,2018-02-01,7377.169921875
2035,2018-02-02,7347.58984375
2036,2018-02-05,7165.9599609375
2037,2018-02-06,6837.56005859375
2038,2018-02-07,7086.2001953125
2039,2018-02-08,7067.2998046875
2040,2018-02-09,6863.33984375
2041,2018-02-12,6936.68017578125
2042,2018-02-13,6942.16015625
2043,2018-02-14,6979.240234375
2044,2018-02-15,7200.75
2045,2018-02-16,7236.509765625
2046,2018-02-20,7209.02978515625
2047,2018-02-21,7258.47998046875
2048,2018-02-22,7252.4599609375
2049,2018-02-23,7261.35009765625
2050,2018-02-26,7373.2998046875
2051,2018-02-27,7416.169921875
2052,2018-02-28,7371.41015625
2053,2018-03-01,7274.75
2054,2018-03-02,7099.5400390625
2055,2018-03-05,7222.89013671875
2056,2018-03-06,7366.60986328125
2057,2018-03-07,7311.740234375
2058,2018-03-08,7422.77001953125
2059,2018-03-09,7475.97998046875
2060,2018-03-12,7581.0400390625
2061,2018-03-13,7627.52001953125
2062,2018-03-14,7539.77978515625
2063,2018-03-15,7509.240234375
2064,2018-03-16,7504.3701171875
2065,2018-03-19,7419.2001953125
2066,2018-03-20,7353.25
2067,2018-03-21,7347.5
2068,2018-03-22,7257.5498046875
2069,2018-03-23,7170.68017578125
2070,2018-03-26,7125.2001953125
2071,2018-03-27,7255.47021484375
2072,2018-03-28,6978.2998046875
2073,2018-03-29,6984.66015625
2074,2018-04-02,7016.169921875
2075,2018-04-03,6924.35009765625
2076,2018-04-04,6811.77001953125
2077,2018-04-05,7099.25
2078,2018-04-06,6999.56982421875
2079,2018-04-09,6971.4501953125
2080,2018-04-10,7060.990234375
2081,2018-04-11,7055.0
2082,2018-04-12,7112.02001953125
2083,2018-04-13,7179.6201171875
2084,2018-04-16,7153.8701171875
2085,2018-04-17,7215.1201171875
2086,2018-04-18,7292.3798828125
2087,2018-04-19,7258.60986328125
2088,2018-04-20,7220.64013671875
2089,2018-04-23,7173.990234375
2090,2018-04-24,7160.77001953125
2091,2018-04-25,7009.990234375
2092,2018-04-26,7080.490234375
2093,2018-04-27,7195.52001953125
2094,2018-04-30,7133.9501953125
2095,2018-05-01,7053.64990234375
2096,2018-05-02,7138.4501953125
2097,2018-05-03,7065.02978515625
2098,2018-05-04,7065.669921875
2099,2018-05-07,7241.81982421875
2100,2018-05-08,7255.33984375
2101,2018-05-09,7281.52978515625
2102,2018-05-10,7355.89990234375
2103,2018-05-11,7393.97021484375
2104,2018-05-14,7429.4501953125
2105,2018-05-15,7361.2998046875
2106,2018-05-16,7356.22021484375
2107,2018-05-17,7379.580078125
2108,2018-05-18,7364.33984375
2109,2018-05-21,7406.33984375
2110,2018-05-22,7420.85009765625
2111,2018-05-23,7335.02978515625
2112,2018-05-24,7421.990234375
2113,2018-05-25,7422.2001953125
2114,2018-05-29,7398.509765625
2115,2018-05-30,7428.41015625
2116,2018-05-31,7455.580078125
2117,2018-06-01,7487.66015625
2118,2018-06-04,7570.080078125
2119,2018-06-05,7621.35986328125
2120,2018-06-06,7652.7998046875
2121,2018-06-07,7697.41015625
2122,2018-06-08,7607.740234375
2123,2018-06-11,7647.240234375
2124,2018-06-12,7673.8701171875
2125,2018-06-13,7713.89990234375
2126,2018-06-14,7723.52978515625
2127,2018-06-15,7725.02978515625
2128,2018-06-18,7692.9599609375
2129,2018-06-19,7658.47021484375
2130,2018-06-20,7764.14990234375
2131,2018-06-21,7800.2998046875
2132,2018-06-22,7739.68994140625
2133,2018-06-25,7631.1201171875
2134,2018-06-26,7553.740234375
2135,2018-06-27,7586.330078125
2136,2018-06-28,7438.10986328125
2137,2018-06-29,7544.1298828125
2138,2018-07-02,7451.89990234375
2139,2018-07-03,7593.6298828125
2140,2018-07-05,7550.66015625
2141,2018-07-06,7595.93017578125
2142,2018-07-09,7731.740234375
2143,2018-07-10,7770.6298828125
2144,2018-07-11,7698.509765625
2145,2018-07-12,7752.7099609375
2146,2018-07-13,7827.6201171875
2147,2018-07-16,7831.740234375
2148,2018-07-17,7751.97021484375
2149,2018-07-18,7859.43017578125
2150,2018-07-19,7829.7998046875
2151,2018-07-20,7843.080078125
2152,2018-07-23,7806.93017578125
2153,2018-07-24,7914.35009765625
2154,2018-07-25,7839.08984375
2155,2018-07-26,7848.0400390625
2156,2018-07-27,7889.75
2157,2018-07-30,7735.27001953125
2158,2018-07-31,7654.58984375
2159,2018-08-01,7701.81982421875
2160,2018-08-02,7659.52001953125
2161,2018-08-03,7819.22998046875
2162,2018-08-06,7809.5400390625
2163,2018-08-07,7878.6201171875
2164,2018-08-08,7880.0
2165,2018-08-09,7886.52001953125
2166,2018-08-10,7834.7099609375
2167,2018-08-13,7848.0
2168,2018-08-14,7847.8798828125
2169,2018-08-15,7810.02001953125
2170,2018-08-16,7826.9501953125
2171,2018-08-17,7786.64013671875
2172,2018-08-20,7834.3701171875
2173,2018-08-21,7840.08984375
2174,2018-08-22,7844.0400390625
2175,2018-08-23,7886.47021484375
2176,2018-08-24,7907.81005859375
2177,2018-08-27,7989.64013671875
2178,2018-08-28,8039.009765625
2179,2018-08-29,8044.33984375
2180,2018-08-30,8094.2001953125
2181,2018-08-31,8079.31005859375
2182,2018-09-04,8087.9501953125
2183,2018-09-05,8073.52978515625
2184,2018-09-06,7998.27001953125
2185,2018-09-07,7878.7900390625
2186,2018-09-10,7939.56982421875
2187,2018-09-11,7894.8701171875
2188,2018-09-12,7958.8701171875
2189,2018-09-13,7999.93017578125
2190,2018-09-14,8026.16015625
2191,2018-09-17,7992.2099609375
2192,2018-09-18,7903.56982421875
2193,2018-09-19,7962.5498046875
2194,2018-09-20,7993.52978515625
2195,2018-09-21,8041.68994140625
2196,2018-09-24,7939.3798828125
2197,2018-09-25,8001.58984375
2198,2018-09-26,8011.68017578125
2199,2018-09-27,8021.22021484375
2200,2018-09-28,8024.5
2201,2018-10-01,8091.5
2202,2018-10-02,8024.47021484375
2203,2018-10-03,8034.64990234375
2204,2018-10-04,7993.330078125
2205,2018-10-05,7874.759765625
2206,2018-10-08,7747.10009765625
2207,2018-10-09,7728.509765625
2208,2018-10-10,7694.080078125
2209,2018-10-11,7388.06982421875
2210,2018-10-12,7507.83984375
2211,2018-10-15,7473.330078125
2212,2018-10-16,7501.77978515625
2213,2018-10-17,7669.259765625
2214,2018-10-18,7616.47021484375
2215,2018-10-19,7530.16015625
2216,2018-10-22,7486.740234375
2217,2018-10-23,7328.5498046875
2218,2018-10-24,7423.2099609375
2219,2018-10-25,7197.490234375
2220,2018-10-26,7125.18017578125
2221,2018-10-29,7272.419921875
2222,2018-10-30,7017.8701171875
2223,2018-10-31,7276.6201171875
2224,2018-11-01,7327.81982421875
2225,2018-11-02,7424.02001953125
2226,2018-11-05,7344.080078125
2227,2018-11-06,7326.06982421875
2228,2018-11-07,7446.08984375
2229,2018-11-08,7544.169921875
2230,2018-11-09,7468.509765625
2231,2018-11-12,7364.0498046875
2232,2018-11-13,7230.68994140625
2233,2018-11-14,7265.39013671875
2234,2018-11-15,7112.830078125
2235,2018-11-16,7193.60009765625
2236,2018-11-19,7217.240234375
2237,2018-11-20,6867.43017578125
2238,2018-11-21,6985.509765625
2239,2018-11-23,6919.52001953125
2240,2018-11-26,7026.5
2241,2018-11-27,7041.22998046875
2242,2018-11-28,7135.080078125
2243,2018-11-29,7267.3701171875
2244,2018-11-30,7279.2998046875
2245,2018-12-03,7486.1298828125
2246,2018-12-04,7407.9501953125
2247,2018-12-06,7017.0498046875
2248,2018-12-07,7163.490234375
2249,2018-12-10,6959.6298828125
2250,2018-12-11,7121.66015625
2251,2018-12-12,7127.0
2252,2018-12-13,7135.27978515625
2253,2018-12-14,6986.3701171875
2254,2018-12-17,6886.4599609375
2255,2018-12-18,6809.81982421875
2256,2018-12-19,6777.58984375
2257,2018-12-20,6607.759765625
2258,2018-12-21,6573.490234375
2259,2018-12-24,6278.490234375
2260,2018-12-26,6257.85986328125
2261,2018-12-27,6457.18994140625
2262,2018-12-28,6616.7900390625
2263,2018-12-31,6649.52001953125
2264,2019-01-02,6506.91015625
2265,2019-01-03,6584.77001953125
2266,2019-01-04,6567.14013671875
2267,2019-01-07,6757.52978515625
2268,2019-01-08,6893.43994140625
2269,2019-01-09,6923.06005859375
2270,2019-01-10,6908.64990234375
2271,2019-01-11,6947.4599609375
2272,2019-01-14,6908.02978515625
2273,2019-01-15,6931.39013671875
2274,2019-01-16,7033.75
2275,2019-01-17,7010.1298828125
2276,2019-01-18,7134.10009765625
2277,2019-01-22,7109.56982421875
2278,2019-01-23,7061.64990234375
2279,2019-01-24,7042.25
2280,2019-01-25,7128.18017578125
2281,2019-01-28,7075.009765625
2282,2019-01-29,7087.490234375
2283,2019-01-30,7094.7900390625
2284,2019-01-31,7208.169921875
2285,2019-02-01,7256.3701171875
2286,2019-02-04,7266.27978515625
2287,2019-02-05,7356.33984375
2288,2019-02-06,7400.43994140625
2289,2019-02-07,7316.5
2290,2019-02-08,7232.2998046875
2291,2019-02-11,7327.3701171875
2292,2019-02-12,7358.85009765625
2293,2019-02-13,7437.4599609375
2294,2019-02-14,7390.25
2295,2019-02-15,7468.56982421875
2296,2019-02-19,7450.75
2297,2019-02-20,7490.31005859375
2298,2019-02-21,7475.41015625
2299,2019-02-22,7481.6298828125
2300,2019-02-25,7585.2998046875
2301,2019-02-26,7535.2900390625
2302,2019-02-27,7526.419921875
2303,2019-02-28,7533.31005859375
2304,2019-03-01,7587.4501953125
2305,2019-03-04,7636.6201171875
2306,2019-03-05,7582.2900390625
2307,2019-03-06,7575.3798828125
2308,2019-03-07,7483.7900390625
2309,2019-03-08,7334.35009765625
2310,2019-03-11,7442.56005859375
2311,2019-03-12,7571.85009765625
2312,2019-03-13,7621.3798828125
2313,2019-03-14,7644.7900390625
2314,2019-03-15,7658.41015625
2315,2019-03-18,7696.3798828125
2316,2019-03-19,7747.39990234375
2317,2019-03-20,7721.9501953125
2318,2019-03-21,7705.43017578125
2319,2019-03-22,7800.25
2320,2019-03-25,7618.97998046875
2321,2019-03-26,7700.0
2322,2019-03-27,7702.0498046875
2323,2019-03-28,7660.06982421875
2324,2019-03-29,7726.7099609375
2325,2019-04-01,7800.240234375
2326,2019-04-02,7824.60986328125
2327,2019-04-03,7891.18017578125
2328,2019-04-04,7894.259765625
2329,2019-04-05,7914.509765625
2330,2019-04-08,7924.89013671875
2331,2019-04-09,7924.77001953125
2332,2019-04-10,7922.72998046875
2333,2019-04-11,7975.2001953125
2334,2019-04-12,7984.14990234375
2335,2019-04-15,7987.16015625
2336,2019-04-16,8000.56982421875
2337,2019-04-17,8044.97021484375
2338,2019-04-18,7998.4501953125
2339,2019-04-22,7969.3701171875
2340,2019-04-23,8026.75
2341,2019-04-24,8122.8798828125
2342,2019-04-25,8150.85009765625
2343,2019-04-26,8100.27978515625
2344,2019-04-29,8147.64990234375
2345,2019-04-30,8104.91015625
2346,2019-05-01,8132.93017578125
2347,2019-05-02,8046.47998046875
2348,2019-05-03,8092.8798828125
2349,2019-05-06,7981.85009765625
2350,2019-05-07,8043.52001953125
2351,2019-05-08,7946.240234375
2352,2019-05-09,7853.2099609375
2353,2019-05-10,7881.31005859375
2354,2019-05-13,7720.06982421875
2355,2019-05-14,7689.66015625
2356,2019-05-15,7682.7998046875
2357,2019-05-16,7832.580078125
2358,2019-05-17,7829.02978515625
2359,2019-05-20,7714.06005859375
2360,2019-05-21,7765.56982421875
2361,2019-05-22,7749.7998046875
2362,2019-05-23,7660.72021484375
2363,2019-05-24,7675.56982421875
2364,2019-05-28,7655.66015625
2365,2019-05-29,7553.02001953125
2366,2019-05-30,7565.4599609375
2367,2019-05-31,7470.9501953125
2368,2019-06-03,7441.2099609375
2369,2019-06-04,7413.93994140625
2370,2019-06-05,7585.68017578125
2371,2019-06-06,7582.240234375
2372,2019-06-07,7652.97021484375
2373,2019-06-10,7798.8701171875
2374,2019-06-11,7901.0400390625
2375,2019-06-12,7803.1298828125
2376,2019-06-13,7822.56005859375
2377,2019-06-14,7807.18994140625
2378,2019-06-17,7819.43017578125
2379,2019-06-18,7920.97998046875
2380,2019-06-19,7970.259765625
2381,2019-06-20,8087.4501953125
2382,2019-06-21,8028.68994140625
2383,2019-06-24,8040.580078125
2384,2019-06-25,8005.27001953125
2385,2019-06-26,7933.919921875
2386,2019-06-27,7939.35986328125
2387,2019-06-28,7988.759765625
2388,2019-07-01,8145.85009765625
2389,2019-07-02,8086.64990234375
2390,2019-07-03,8129.56982421875
2391,2019-07-05,8123.27978515625
2392,2019-07-08,8112.91015625
2393,2019-07-09,8061.41015625
2394,2019-07-10,8183.18994140625
2395,2019-07-11,8219.2802734375
2396,2019-07-12,8209.2001953125
2397,2019-07-15,8263.1796875
2398,2019-07-16,8251.66015625
2399,2019-07-17,8224.0
2400,2019-07-18,8151.759765625
2401,2019-07-19,8241.33984375
2402,2019-07-22,8171.990234375
2403,2019-07-23,8242.5
2404,2019-07-24,8227.3603515625
2405,2019-07-25,8294.6796875
2406,2019-07-26,8294.2998046875
2407,2019-07-29,8325.099609375
2408,2019-07-30,8231.76953125
2409,2019-07-31,8290.7998046875
2410,2019-08-01,8190.56005859375
2411,2019-08-02,8056.419921875
2412,2019-08-05,7823.330078125
2413,2019-08-06,7804.509765625
2414,2019-08-07,7747.27001953125
2415,2019-08-08,7921.58984375
2416,2019-08-09,7997.18994140625
2417,2019-08-12,7907.490234375
2418,2019-08-13,7852.3701171875
2419,2019-08-14,7877.330078125
2420,2019-08-15,7790.2001953125
2421,2019-08-16,7828.35009765625
2422,2019-08-19,8006.18017578125
2423,2019-08-20,7989.35986328125
2424,2019-08-21,8017.06982421875
2425,2019-08-22,8038.7900390625
2426,2019-08-23,7943.64990234375
2427,2019-08-26,7829.580078125
2428,2019-08-27,7908.77978515625
2429,2019-08-28,7798.35009765625
2430,2019-08-29,7945.77978515625
2431,2019-08-30,8015.16015625
2432,2019-09-03,7906.43994140625
2433,2019-09-04,7949.81005859375
2434,2019-09-05,8061.2900390625
2435,2019-09-06,8125.580078125
2436,2019-09-09,8130.91015625
2437,2019-09-10,8049.97998046875
2438,2019-09-11,8091.68017578125
2439,2019-09-12,8206.580078125
2440,2019-09-13,8190.56982421875
2441,2019-09-16,8121.64013671875
2442,2019-09-17,8148.64990234375
2443,2019-09-18,8174.6201171875
2444,2019-09-19,8193.58984375
2445,2019-09-20,8184.8798828125
2446,2019-09-23,8106.490234375
2447,2019-09-24,8147.22998046875
2448,2019-09-25,7990.66015625
2449,2019-09-26,8070.1201171875
2450,2019-09-27,8047.10986328125
2451,2019-09-30,7964.08984375
2452,2019-10-01,8026.830078125
2453,2019-10-02,7851.1298828125
2454,2019-10-03,7787.02001953125
2455,2019-10-04,7908.43994140625
2456,2019-10-07,7956.41015625
2457,2019-10-08,7898.27001953125
2458,2019-10-09,7895.9599609375
2459,2019-10-10,7904.56005859375
2460,2019-10-11,8047.33984375
2461,2019-10-14,8044.35009765625
2462,2019-10-15,8074.85009765625
2463,2019-10-16,8119.81005859375
2464,2019-10-17,8176.91015625
2465,2019-10-18,8149.85009765625
2466,2019-10-21,8137.419921875
2467,2019-10-22,8188.1201171875
2468,2019-10-23,8090.240234375
2469,2019-10-24,8180.0400390625
2470,2019-10-25,8150.58984375
2471,2019-10-28,8285.76953125
2472,2019-10-29,8313.349609375
2473,2019-10-30,8284.2802734375
2474,2019-10-31,8314.3798828125
2475,2019-11-01,8335.0498046875
2476,2019-11-04,8445.5
2477,2019-11-05,8446.6201171875
2478,2019-11-06,8426.5703125
2479,2019-11-07,8455.1103515625
2480,2019-11-08,8422.669921875
2481,2019-11-11,8431.259765625
2482,2019-11-12,8471.0703125
2483,2019-11-13,8455.01953125
2484,2019-11-14,8461.0595703125
2485,2019-11-15,8524.48046875
2486,2019-11-18,8529.16015625
2487,2019-11-19,8578.01953125
2488,2019-11-20,8543.5703125
2489,2019-11-21,8527.8701171875
2490,2019-11-22,8530.5400390625
2491,2019-11-25,8559.650390625
2492,2019-11-26,8635.400390625
2493,2019-11-27,8669.58984375
2494,2019-11-29,8682.009765625
2495,2019-12-02,8672.83984375
2496,2019-12-03,8460.7197265625
2497,2019-12-04,8557.4501953125
2498,2019-12-05,8587.9296875
2499,2019-12-06,8634.25
2500,2019-12-09,8650.8603515625
2501,2019-12-10,8623.5595703125
2502,2019-12-11,8631.1201171875
2503,2019-12-12,8645.3603515625
2504,2019-12-13,8713.91015625
2505,2019-12-16,8791.3095703125
2506,2019-12-17,8829.4697265625
2507,2019-12-18,8834.650390625
2508,2019-12-19,8838.9697265625
2509,2019-12-20,8911.83984375
2510,2019-12-23,8950.2001953125
2511,2019-12-24,8955.009765625
2512,2019-12-26,8970.2099609375
2513,2019-12-27,9049.4697265625
2514,2019-12-30,9004.4501953125
2515,2019-12-31,8918.740234375
